"APE code","Barcode","Name","Product Type","Can be Sold","Can be Purchased","COST excl GST","AP DISCOUNT %","MARK UP%","Description","Invoicing Policy","Control Purchase Bills","Vendors/ID","Vendors/Price","Routes/ID","Internal Category/ID","Purchase Unit of Measure/ID","Unit of Measure/ID","Attributes/Attribute/ID","Attributes/Values","SALE TOTAL P/S ex GST/DEL/Other","Length","Width (or OD)","Thickness (or ID)","Wall Thickness","Form","Color Code","Warranty","Customer Lead Time","Manufacturing Lead Time","Income Account","Expense Account","Price Difference Account"
2100128,"PEEKR-10-NAT","PEEK Natural Rod 10 dia x 1000  L","PEEK",1,1,30.5,,,,,,21,30.5,,,"Rod","Each","dia","10 mm",57.95,1000,,,10,"Rod","Beige",,,,,,
2100129,"PEEKR-100-NAT","PEEK Natural Rod 100 dia x 500 L","PEEK",1,1,1325.65,,,,,,21,1325.65,,,"Rod","Each","dia","100 mm",2121.04,500,,,100,"Rod","Beige",,,,,,
2100130,"PEEKR-130-NAT","PEEK Natural Rod 130 dia x 500 L","PEEK",1,1,2240.2,,,,,,21,2240.2,,,"Rod","Each","dia","130 mm",3136.28,500,,,130,"Rod","Beige",,,"Pre-order",,,
2100131,"PEEKR-150-NAT","PEEK Natural Rod 150 dia x 500 L","PEEK",1,1,2982.55,,,,,,21,2982.55,,,"Rod","Each","dia","150 mm",4175.57,500,,,150,"Rod","Beige",,,"Pre-order",,,
2100132,"PEEKR-16-NAT","PEEK Natural Rod 16 dia x 1000  L","PEEK",1,1,68.3,,,,,,21,68.3,,,"Rod","Each","dia","16 mm",129.77,1000,,,16,"Rod","Beige",,,,,,
2100133,"PEEKR-180-NAT","PEEK Natural Rod 180 dia x 500 L","PEEK",1,1,4295.05,,,,,,21,4295.05,,,"Rod","Each","dia","180 mm",6013.07,500,,,180,"Rod","Beige",,,"Pre-order",,,
2100134,"PEEKR-20-NAT","PEEK Natural Rod 20 dia x 1000  L","PEEK",1,1,106.1,,,,,,21,106.1,,,"Rod","Each","dia","20 mm",190.98,1000,,,20,"Rod","Beige",,,,,,
2100135,"PEEKR-200-NAT","PEEK Natural Rod 200 dia x 500 L","PEEK",1,1,5302.5,,,,,,21,5302.5,,,"Rod","Each","dia","200 mm",7423.5,500,,,200,"Rod","Beige",,,"Pre-order",,,
2100136,"PEEKR-25-NAT","PEEK Natural Rod 25 dia x 1000  L","PEEK",1,1,165.9,,,,,,21,165.9,,,"Rod","Each","dia","25 mm",298.62,1000,,,25,"Rod","Beige",,,"Pre-order",,,
2100137,"PEEKR-30-NAT","PEEK Natural Rod 30 dia x 1000  L","PEEK",1,1,238.4,,,,,,21,238.4,,,"Rod","Each","dia","30 mm",429.12,1000,,,30,"Rod","Beige",,,"Pre-order",,,
2100138,"PEEKR-40-NAT","PEEK Natural Rod 40 dia x 1000  L","PEEK",1,1,424.2,,,,,,21,424.2,,,"Rod","Each","dia","40 mm",678.72,1000,,,40,"Rod","Beige",,,,,,
2100139,"PEEKR-50-NAT","PEEK Natural Rod 50 dia x 1000  L","PEEK",1,1,662.6,,,,,,21,662.6,,,"Rod","Each","dia","50 mm",1060.16,1000,,,50,"Rod","Beige",,,,,,
2100140,"PEEKR-60-NAT","PEEK Natural Rod 60 dia x 500 L","PEEK",1,1,477.25,,,,,,21,477.25,,,"Rod","Each","dia","60 mm",763.6,500,,,60,"Rod","Beige",,,"Pre-order",,,
2100141,"PEEKR-70-NAT","PEEK Natural Rod 70 dia x 500 L","PEEK",1,1,649.45,,,,,,21,649.45,,,"Rod","Each","dia","70 mm",1039.12,500,,,70,"Rod","Beige",,,,,,
2100142,"PEEKR-80-NAT","PEEK Natural Rod 80 dia x 500 L","PEEK",1,1,848.4,,,,,,21,848.4,,,"Rod","Each","dia","80 mm",1357.44,500,,,80,"Rod","Beige",,,,,,
2100143,"PEEKR-90-NAT","PEEK Natural Rod 90 dia x 500 L","PEEK",1,1,1073.65,,,,,,21,1073.65,,,"Rod","Each","dia","90 mm",1717.84,500,,,90,"Rod","Beige",,,"Pre-order",,,
2100144,"PEEKS-06-NAT","PEEK Natural Sheet 1000 x 600  x 6 T","PEEK",1,1,1412.7,,,,,,21,1412.7,,,"Sheet","Each","Thickness","6 mm",2260.32,1000,600,6,,"Sheet","Beige",,,"Pre-order",,,
2100145,"PEEKS-08-NAT","PEEK Natural Sheet 1000 x 600  x 8 T","PEEK",1,1,1805.15,,,,,,21,1805.15,,,"Sheet","Each","Thickness","8 mm",2527.21,1000,600,8,,"Sheet","Beige",,,"Pre-order",,,
2100146,"PEEKS-10-NAT","PEEK Natural Sheet 1000 x 600  x 10 T","PEEK",1,1,2060.25,,,,,,21,2060.25,,,"Sheet","Each","Thickness","10 mm",2884.35,1000,600,10,,"Sheet","Beige",,,,,,
2100147,"PEEKS-12-NAT","PEEK Natural Sheet 1000 x 600  x 12 T","PEEK",1,1,2472.35,,,,,,21,2472.35,,,"Sheet","Each","Thickness","12 mm",3461.29,1000,600,12,,"Sheet","Beige",,,,,,
2100148,"PEEKS-16-NAT","PEEK Natural Sheet 1000 x 600  x 16 T","PEEK",1,1,3296.4,,,,,,21,3296.4,,,"Sheet","Each","Thickness","16 mm",4614.96,1000,600,16,,"Sheet","Beige",,,"Pre-order",,,
2100149,"PEEKS-20-NAT","PEEK Natural Sheet 1000 x 600  x 20 T","PEEK",1,1,4120.5,,,,,,21,4120.5,,,"Sheet","Each","Thickness","20 mm",5768.7,1000,600,20,,"Sheet","Beige",,,"Pre-order",,,
2100150,"PEEKS-25-NAT","PEEK Natural Sheet 1000 x 600  x 25 T","PEEK",1,1,5150.65,,,,,,21,5150.65,,,"Sheet","Each","Thickness","25 mm",7210.91,1000,600,25,,"Sheet","Beige",,,"Pre-order",,,
2100151,"PEEKS-30-NAT","PEEK Natural Sheet 1000 x 600  x 30 T","PEEK",1,1,6180.75,,,,,,21,6180.75,,,"Sheet","Each","Thickness","30 mm",8653.05,1000,600,30,,"Sheet","Beige",,,"Pre-order",,,
2100152,"PEEKS-40-NAT","PEEK Natural Sheet 1000 x 600  x 40 T","PEEK",1,1,8241.05,,,,,,21,8241.05,,,"Sheet","Each","Thickness","40 mm",11537.47,1000,600,40,,"Sheet","Beige",,,"Pre-order",,,
2100153,"PEEKS-50-NAT","PEEK Natural Sheet 1000 x 600  x 50 T","PEEK",1,1,10301.3,,,,,,21,10301.3,,,"Sheet","Each","Thickness","50 mm",14421.82,1000,600,50,,"Sheet","Beige",,,"Pre-order",,,
2100154,"PEEKS-60-NAT","PEEK Natural Sheet 1000 x 600  x 60 T","PEEK",1,1,12361.6,,,,,,21,12361.6,,,"Sheet","Each","Thickness","60 mm",17306.24,1000,600,60,,"Sheet","Beige",,,"Pre-order",,,
2100001,"HDPER-100-BLK","HDPE Black Rod 100 dia x 1000  L","HDPE",1,1,46.8,,,,,,21,46.8,,,"Rod","Each","dia","100 mm",88.92,1000,,,100,"Rod","Black",,,"Pre-order",,,
2100003,"HDPER-120-BLK","HDPE Black Rod 120 dia x 1000  L","UHMWPE",1,1,72.84,,,,,,21,72.84,,,"Rod","Each","dia","120 mm",138.4,1000,,,120,"Rod","Black",,,,,,
2100004,"HDPER-130-BLK","HDPE Black Rod 130 dia x 1000  L","HDPE",1,1,78.9,,,,,,21,78.9,,,"Rod","Each","dia","130 mm",149.91,1000,,,130,"Rod","Black",,,"Pre-order",,,
2100006,"HDPER-150-BLK","HDPE Black Rod 150 dia x 1000  L","HDPE",1,1,105.2,,,,,,21,105.2,,,"Rod","Each","dia","150 mm",189.36,1000,,,150,"Rod","Black",,,"Pre-order",,,
2100008,"HDPER-180-BLK","HDPE Black Rod 180 dia x 1000  L","HDPE",1,1,186.9,,,,,,21,186.9,,,"Rod","Each","dia","180 mm",336.42,1000,,,180,"Rod","Black",,,,,,
2100010,"HDPER-20-BLK","HDPE Black Rod 20 dia x 1000  L","HDPE",1,1,2,,,,,,21,2,,,"Rod","Each","dia","20 mm",3.8,1000,,,20,"Rod","Black",,,,,,
2100012,"HDPER-200-BLK","HDPE Black Rod 200 dia x 1000  L","HDPE",1,1,230.8,,,,,,21,230.8,,,"Rod","Each","dia","200 mm",415.44,1000,,,200,"Rod","Black",,,"Pre-order",,,
2100014,"HDPER-25-BLK","HDPE Black Rod 25 dia x 1000  L","HDPE",1,1,3,,,,,,21,3,,,"Rod","Each","dia","25 mm",5.7,1000,,,25,"Rod","Black",,,,,,
2100016,"HDPER-250-BLK","HDPE Black Rod 250 dia x 1000  L","HDPE",1,1,394.3,,,,,,21,394.3,,,"Rod","Each","dia","250 mm",630.88,1000,,,250,"Rod","Black",,,"Pre-order",,,
2100018,"HDPER-30-BLK","HDPE Black Rod 30 dia x 1000  L","HDPE",1,1,4,,,,,,21,4,,,"Rod","Each","dia","30 mm",7.6,1000,,,30,"Rod","Black",,,,,,
2100020,"HDPER-300-BLK","HDPE Black Rod 300 dia x 1000  L","HDPE",1,1,568.5,,,,,,21,568.5,,,"Rod","Each","dia","300 mm",909.6,1000,,,300,"Rod","Black",,,"Pre-order",,,
2100022,"HDPER-35-BLK","HDPE Black Rod 35 dia x 1000  L","HDPE",1,1,5.9,,,,,,21,5.9,,,"Rod","Each","dia","35 mm",11.21,1000,,,35,"Rod","Black",,,,,,
2100023,"HDPER-40-BLK","HDPE Black Rod 40 dia x 1000  L","HDPE",1,1,7.5,,,,,,21,7.5,,,"Rod","Each","dia","40 mm",14.25,1000,,,40,"Rod","Black",,,,,,
2100025,"HDPER-50-BLK","HDPE Black Rod 50 dia x 1000  L","HDPE",1,1,11.7,,,,,,21,11.7,,,"Rod","Each","dia","50 mm",22.23,1000,,,50,"Rod","Black",,,"Pre-order",,,
2100027,"HDPER-60-BLK","HDPE Black Rod 60 dia x 1000  L","HDPE",1,1,16.7,,,,,,21,16.7,,,"Rod","Each","dia","60 mm",31.73,1000,,,60,"Rod","Black",,,,,,
2100029,"HDPER-70-BLK","HDPE Black Rod 70 dia x 1000  L","HDPE",1,1,23.4,,,,,,21,23.4,,,"Rod","Each","dia","70 mm",44.46,1000,,,70,"Rod","Black",,,"Pre-order",,,
2100031,"HDPER-80-BLK","HDPE Black Rod 80 dia x 1000  L","HDPE",1,1,30.2,,,,,,21,30.2,,,"Rod","Each","dia","80 mm",57.38,1000,,,80,"Rod","Black",,,"Pre-order",,,
2100033,"HDPER-90-BLK","HDPE Black Rod 90 dia x 1000  L","HDPE",1,1,38,,,,,,21,38,,,"Rod","Each","dia","90 mm",72.2,1000,,,90,"Rod","Black",,,,,,
2100035,"HDPES-10-BLK","HDPE Black Sheet 2440 x 1220  x 10 T","HDPE",1,1,167.5,,,,,,21,167.5,,,"Sheet","Each","Thickness","10 mm",301.5,2440,1220,10,,"Sheet","Black",,,,,,
2100037,"HDPES-100-BLK","HDPE Black Sheet 2440 x 1220  x 100 T","HDPE",1,1,1712.2,,,,,,21,1712.2,,,"Sheet","Each","Thickness","100 mm",2397.08,2440,1220,100,,"Sheet","Black",,,"Pre-order",,,
2100039,"HDPES-12-BLK","HDPE Black Sheet 2440 x 1220  x 12 T","HDPE",1,1,205.5,,,,,,21,205.5,,,"Sheet","Each","Thickness","12 mm",369.9,2440,1220,12,,"Sheet","Black",,,,,,
2100041,"HDPES-15-BLK","HDPE Black Sheet 2440 x 1220  x 15 T","HDPE",1,1,257,,,,,,21,257,,,"Sheet","Each","Thickness","15 mm",462.6,2440,1220,15,,"Sheet","Black",,,,,,
2100043,"HDPES-20-BLK","HDPE Black Sheet 2440 x 1220  x 20 T","HDPE",1,1,342.6,,,,,,21,342.6,,,"Sheet","Each","Thickness","20 mm",548.16,2440,1220,20,,"Sheet","Black",,,,,,
2100045,"HDPES-25-BLK","HDPE Black Sheet 2440 x 1220  x 25 T","HDPE",1,1,428.3,,,,,,21,428.3,,,"Sheet","Each","Thickness","25 mm",685.28,2440,1220,25,,"Sheet","Black",,,"Pre-order",,,
2100047,"HDPES-30-BLK","HDPE Black Sheet 2440 x 1220  x 30 T","HDPE",1,1,514,,,,,,21,514,,,"Sheet","Each","Thickness","30 mm",822.4,2440,1220,30,,"Sheet","Black",,,"Pre-order",,,
2100049,"HDPES-40-BLK","HDPE Black Sheet 2440 x 1220  x 40 T","HDPE",1,1,685.4,,,,,,21,685.4,,,"Sheet","Each","Thickness","40 mm",1096.64,2440,1220,40,,"Sheet","Black",,,,,,
2100051,"HDPES-50-BLK","HDPE Black Sheet 2440 x 1220  x 50 T","HDPE",1,1,856.5,,,,,,21,856.5,,,"Sheet","Each","Thickness","50 mm",1370.4,2440,1220,50,,"Sheet","Black",,,,,,
2100053,"HDPES-60-BLK","HDPE Black Sheet 2440 x 1220  x 60 T","HDPE",1,1,1027.9,,,,,,21,1027.9,,,"Sheet","Each","Thickness","60 mm",1644.64,2440,1220,60,,"Sheet","Black",,,,,,
2100055,"HDPES-70-BLK","HDPE Black Sheet 2440 x 1220  x 70 T","HDPE",1,1,1198.3,,,,,,21,1198.3,,,"Sheet","Each","Thickness","70 mm",1917.28,2440,1220,70,,"Sheet","Black",,,,,,
2100057,"HDPES-80-BLK","HDPE Black Sheet 2440 x 1220  x 80 T","HDPE",1,1,1369.6,,,,,,21,1369.6,,,"Sheet","Each","Thickness","80 mm",2191.36,2440,1220,80,,"Sheet","Black",,,"Pre-order",,,
2100059,"P06-BLK","Black Cast Nylon Sheet 2000 x 1000  x 6 T","Black Nylon",1,1,150.6,,,,,,21,150.6,,,"Sheet","Each","Thickness","6 mm",271.08,2000,1000,6,,"Sheet","Black",,,,,,
2100060,"P06-MOLY","Moly Filled Cast Nylon Sheet 2000 x 1000  x 6 T","Moly Filled Nylon",1,1,150.6,,,,,,21,150.6,,,"Sheet","Each","Thickness","6 mm",271.08,2000,1000,6,,"Sheet","Black",,,,,,
2100061,"P08-BLK","Black Cast Nylon Sheet 2000 x 1000  x 8 T","Black Nylon",1,1,181,,,,,,21,181,,,"Sheet","Each","Thickness","8 mm",325.8,2000,1000,8,,"Sheet","Black",,,"Pre-order",,,
2100066,"P10-BLK","Black Cast Nylon Sheet 2000 x 1000  x 10 T","Black Nylon",1,1,227,,,,,,21,227,,,"Sheet","Each","Thickness","10 mm",408.6,2000,1000,10,,"Sheet","Black",,,,,,
2100071,"P100-BLK","Black Cast Nylon Sheet 2000 x 1000  x 100 T","Black Nylon",1,1,2267,,,,,,21,2267,,,"Sheet","Each","Thickness","100 mm",3173.8,2000,1000,100,,"Sheet","Black",,,"Pre-order",,,
2100073,"P100-MOLY","Moly Filled Cast Nylon Sheet 2000 x 1000  x 100 T","Moly Filled Nylon",1,1,2267,,,,,,21,2267,,,"Sheet","Each","Thickness","100 mm",3173.8,2000,1000,100,,"Sheet","Black",,,,,,
2100075,"P12-BLK","Black Cast Nylon Sheet 2000 x 1000  x 12 T","Black Nylon",1,1,272,,,,,,21,272,,,"Sheet","Each","Thickness","12 mm",489.6,2000,1000,12,,"Sheet","Black",,,,,,
2100077,"P12-MOLY","Moly Filled Cast Nylon Sheet 2000 x 1000  x 12 T","Moly Filled Nylon",1,1,272,,,,,,21,272,,,"Sheet","Each","Thickness","12 mm",489.6,2000,1000,12,,"Sheet","Black",,,,,,
2100081,"P15-BLK","Black Cast Nylon Sheet 2000 x 1000  x 15 T","Black Nylon",1,1,354.22,,,,,,21,354.22,,,"Sheet","Each","Thickness","15 mm",566.75,2000,1000,15,,"Sheet","Black",,,,,,
2100083,"P15-MOLY","Moly Filled Cast Nylon Sheet 2000 x 1000  x 15 T","Moly Filled Nylon",1,1,354.22,,,,,,21,354.22,,,"Sheet","Each","Thickness","15 mm",566.75,2000,1000,15,,"Sheet","Black",,,,,,
2100087,"P20-BLK","Black Cast Nylon Sheet 2000 x 1000  x 20 T","Black Nylon",1,1,453,,,,,,21,453,,,"Sheet","Each","Thickness","20 mm",724.8,2000,1000,20,,"Sheet","Black",,,"Pre-order",,,
2100089,"P20-MOLY","Moly Filled Cast Nylon Sheet 2000 x 1000  x 20 T","Moly Filled Nylon",1,1,453,,,,,,21,453,,,"Sheet","Each","Thickness","20 mm",724.8,2000,1000,20,,"Sheet","Black",,,,,,
2100093,"P25-BLK","Black Cast Nylon Sheet 2000 x 1000  x 25 T","Black Nylon",1,1,567,,,,,,21,567,,,"Sheet","Each","Thickness","25 mm",907.2,2000,1000,25,,"Sheet","Black",,,"Pre-order",,,
2100095,"P25-MOLY","Moly Filled Cast Nylon Sheet 2000 x 1000  x 25 T","Moly Filled Nylon",1,1,567,,,,,,21,567,,,"Sheet","Each","Thickness","25 mm",907.2,2000,1000,25,,"Sheet","Black",,,,,,
2100099,"P30-BLK","Black Cast Nylon Sheet 2000 x 1000  x 30 T","Black Nylon",1,1,680,,,,,,21,680,,,"Sheet","Each","Thickness","30 mm",1088,2000,1000,30,,"Sheet","Black",,,"Pre-order",,,
2100101,"P30-MOLY","Moly Filled Cast Nylon Sheet 2000 x 1000  x 30 T","Moly Filled Nylon",1,1,680,,,,,,21,680,,,"Sheet","Each","Thickness","30 mm",1088,2000,1000,30,,"Sheet","Black",,,,,,
2100105,"P40-BLK","Black Cast Nylon Sheet 2000 x 1000  x 40 T","Black Nylon",1,1,907,,,,,,21,907,,,"Sheet","Each","Thickness","40 mm",1451.2,2000,1000,40,,"Sheet","Black",,,"Pre-order",,,
2100107,"P40-MOLY","Moly Filled Cast Nylon Sheet 2000 x 1000  x 40 T","Moly Filled Nylon",1,1,907,,,,,,21,907,,,"Sheet","Each","Thickness","40 mm",1451.2,2000,1000,40,,"Sheet","Black",,,,,,
2100111,"P50-BLK","Black Cast Nylon Sheet 2000 x 1000  x 50 T","Black Nylon",1,1,1300.96,,,,,,21,1300.96,,,"Sheet","Each","Thickness","50 mm",2081.54,2000,1000,50,,"Sheet","Black",,,"Pre-order",,,
2100113,"P50-MOLY","Moly Filled Cast Nylon Sheet 2000 x 1000  x 50 T","Moly Filled Nylon",1,1,1300.96,,,,,,21,1300.96,,,"Sheet","Each","Thickness","50 mm",2081.54,2000,1000,50,,"Sheet","Black",,,,,,
2100117,"P60-BLK","Black Cast Nylon Sheet 2000 x 1000  x 60 T","Black Nylon",1,1,1360,,,,,,21,1360,,,"Sheet","Each","Thickness","60 mm",2176,2000,1000,60,,"Sheet","Black",,,"Pre-order",,,
2100120,"P70-BLK","Black Cast Nylon Sheet 2000 x 1000  x 70 T","Black Nylon",1,1,1587,,,,,,21,1587,,,"Sheet","Each","Thickness","70 mm",2221.8,2000,1000,70,,"Sheet","Black",,,"Pre-order",,,
2100122,"P70-MOLY","Moly Filled Cast Nylon Sheet 2000 x 1000  x 70 T","Moly Filled Nylon",1,1,1587,,,,,,21,1587,,,"Sheet","Each","Thickness","70 mm",2221.8,2000,1000,70,,"Sheet","Black",,,,,,
2100124,"P80-BLK","Black Cast Nylon Sheet 2000 x 1000  x 80 T","Black Nylon",1,1,1814,,,,,,21,1814,,,"Sheet","Each","Thickness","80 mm",2539.6,2000,1000,80,,"Sheet","Black",,,,,,
2100126,"P80-MOLY","Moly Filled Cast Nylon Sheet 2000 x 1000  x 80 T","Moly Filled Nylon",1,1,1814,,,,,,21,1814,,,"Sheet","Each","Thickness","80 mm",2539.6,2000,1000,80,,"Sheet","Black",,,,,,
2100188,"POMR08-BLK","Acetal Pom C Black Rod 8 dia x 1000  L","Acetal",1,1,1.2,,,,,,21,1.2,,,"Rod","Each","dia","8 mm",2.28,1000,,,8,"Rod","Black",,,,,,
2100189,"POMR08-BLK/1.2","Acetal Pom C Black Rod 8 dia x 1200  L","Acetal",1,1,1.5,,,,,,21,1.5,,,"Rod","Each","dia","8 mm",2.85,1200,,,8,"Rod","Black",,,"Pre-order",,,
2100190,"POMR10-BLK","Acetal Pom C Black Rod 10 dia x 1000  L","Acetal",1,1,1.25,,,,,,21,1.25,,,"Rod","Each","dia","10 mm",2.38,1000,,,10,"Rod","Black",,,,,,
2100191,"POMR100-BLK","Acetal Pom C Black Rod 100 dia x 1000  L","Acetal",1,1,97.3,,,,,,21,97.3,,,"Rod","Each","dia","100 mm",184.87,1000,,,100,"Rod","Black",,,"Pre-order",,,
2100193,"POMR110-BLK","Acetal Pom C Black Rod 110 dia x 1000  L","Acetal",1,1,120.4,,,,,,21,120.4,,,"Rod","Each","dia","110 mm",216.72,1000,,,110,"Rod","Black",,,"Pre-order",,,
2100194,"POMR12-BLK","Acetal Pom C Black Rod 12 dia x 1000  L","Acetal",1,1,1.4,,,,,,21,1.4,,,"Rod","Each","dia","12 mm",2.66,1000,,,12,"Rod","Black",,,,,,
2100195,"POMR120-BLK","Acetal Pom C Black Rod 120 dia x 1000  L","Acetal",1,1,143.2,,,,,,21,143.2,,,"Rod","Each","dia","120 mm",257.76,1000,,,120,"Rod","Black",,,"Pre-order",,,
2100196,"POMR125-BLK","Acetal Pom C Black Rod 125 dia x 1000  L","Acetal",1,1,151.5,,,,,,21,151.5,,,"Rod","Each","dia","125 mm",272.7,1000,,,125,"Rod","Black",,,"Pre-order",,,
2100198,"POMR130-BLK","Acetal Pom C Black Rod 130 dia x 1000  L","Acetal",1,1,168,,,,,,21,168,,,"Rod","Each","dia","130 mm",302.4,1000,,,130,"Rod","Black",,,"Pre-order",,,
2100200,"POMR140-BLK","Acetal Pom C Black Rod 140 dia x 1000  L","Acetal",1,1,194.2,,,,,,21,194.2,,,"Rod","Each","dia","140 mm",349.56,1000,,,140,"Rod","Black",,,,,,
2100201,"POMR15-BLK","Acetal Pom C Black Rod 15 dia x 1000  L","Acetal",1,1,2.2,,,,,,21,2.2,,,"Rod","Each","dia","15 mm",4.18,1000,,,15,"Rod","Black",,,,,,
2100202,"POMR150-BLK","Acetal Pom C Black Rod 150 dia x 1000  L","Acetal",1,1,218.5,,,,,,21,218.5,,,"Rod","Each","dia","150 mm",393.3,1000,,,150,"Rod","Black",,,,,,
2100204,"POMR160-BLK","Acetal Pom C Black Rod 160 dia x 1000  L","Acetal",1,1,254.5,,,,,,21,254.5,,,"Rod","Each","dia","160 mm",458.1,1000,,,160,"Rod","Black",,,"Pre-order",,,
2100205,"POMR180-BLK","Acetal Pom C Black Rod 180 dia x 1000  L","Acetal",1,1,314.8,,,,,,21,314.8,,,"Rod","Each","dia","180 mm",503.68,1000,,,180,"Rod","Black",,,,,,
2100207,"POMR190-BLK","Acetal Pom C Black Rod 190 dia x 1000  L","Acetal",1,1,332.29,,,,,,21,332.29,,,"Rod","Each","dia","190 mm",531.66,1000,,,190,"Rod","Black",,,,,,
2100208,"POMR20-BLK","Acetal Pom C Black Rod 20 dia x 1000  L","Acetal",1,1,4.4,,,,,,21,4.4,,,"Rod","Each","dia","20 mm",8.36,1000,,,20,"Rod","Black",,,,,,
2100209,"POMR200-BLK","Acetal Pom C Black Rod 200 dia x 1000  L","Acetal",1,1,389.3,,,,,,21,389.3,,,"Rod","Each","dia","200 mm",622.88,1000,,,200,"Rod","Black",,,,,,
2100211,"POMR25-BLK","Acetal Pom C Black Rod 25 dia x 1000  L","Acetal",1,1,6.5,,,,,,21,6.5,,,"Rod","Each","dia","25 mm",12.35,1000,,,25,"Rod","Black",,,,,,
2100213,"POMR250-BLK","Acetal Pom C Black Rod 250 dia x 1000  L","Acetal",1,1,724.6,,,,,,21,724.6,,,"Rod","Each","dia","250 mm",1159.36,1000,,,250,"Rod","Black",,,,,,
2100215,"POMR30-BLK","Acetal Pom C Black Rod 30 dia x 1000  L","Acetal",1,1,8.7,,,,,,21,8.7,,,"Rod","Each","dia","30 mm",16.53,1000,,,30,"Rod","Black",,,,,,
2100217,"POMR300-BLK","Acetal Pom C Black Rod 300 dia x 1000  L","Acetal",1,1,1043.7,,,,,,21,1043.7,,,"Rod","Each","dia","300 mm",1669.92,1000,,,300,"Rod","Black",,,,,,
2100219,"POMR35-BLK","Acetal Pom C Black Rod 35 dia x 1000  L","Acetal",1,1,12.2,,,,,,21,12.2,,,"Rod","Each","dia","35 mm",23.18,1000,,,35,"Rod","Black",,,,,,
2100221,"POMR40-BLK","Acetal Pom C Black Rod 40 dia x 1000  L","Acetal",1,1,15.2,,,,,,21,15.2,,,"Rod","Each","dia","40 mm",28.88,1000,,,40,"Rod","Black",,,,,,
2100223,"POMR45-BLK","Acetal Pom C Black Rod 45 dia x 1000  L","Acetal",1,1,20.2,,,,,,21,20.2,,,"Rod","Each","dia","45 mm",38.38,1000,,,45,"Rod","Black",,,,,,
2100225,"POMR50-BLK","Acetal Pom C Black Rod 50 dia x 1000  L","Acetal",1,1,23.8,,,,,,21,23.8,,,"Rod","Each","dia","50 mm",45.22,1000,,,50,"Rod","Black",,,,,,
2100227,"POMR55-BLK","Acetal Pom C Black Rod 55 dia x 1000  L","Acetal",1,1,30.1,,,,,,21,30.1,,,"Rod","Each","dia","55 mm",57.19,1000,,,55,"Rod","Black",,,,,,
2100229,"POMR60-BLK","Acetal Pom C Black Rod 60 dia x 1000  L","Acetal",1,1,34.7,,,,,,21,34.7,,,"Rod","Each","dia","60 mm",65.93,1000,,,60,"Rod","Black",,,,,,
2100232,"POMR70-BLK","Acetal Pom C Black Rod 70 dia x 1000  L","Acetal",1,1,47.7,,,,,,21,47.7,,,"Rod","Each","dia","70 mm",90.63,1000,,,70,"Rod","Black",,,,,,
2100234,"POMR80-BLK","Acetal Pom C Black Rod 80 dia x 1000  L","Acetal",1,1,61.7,,,,,,21,61.7,,,"Rod","Each","dia","80 mm",117.23,1000,,,80,"Rod","Black",,,,,,
2100236,"POMR90-BLK","Acetal Pom C Black Rod 90 dia x 1000  L","Acetal",1,1,79,,,,,,21,79,,,"Rod","Each","dia","90 mm",150.1,1000,,,90,"Rod","Black",,,,,,
2100239,"POMS08-BLK","Acetal Pom C Black Sheet 2000 x 1000  x 8 T","Acetal",1,1,197.9,,,,,,21,197.9,,,"Sheet","Each","Thickness","8 mm",356.22,2000,1000,8,,"Sheet","Black",,,,,,
2100241,"POMS10-BLK","Acetal Pom C Black Sheet 2000 x 1000  x 10 T","Acetal",1,1,247.7,,,,,,21,247.7,,,"Sheet","Each","Thickness","10 mm",445.86,2000,1000,10,,"Sheet","Black",,,,,,
2100243,"POMS100-BLK","Acetal Pom C Black Sheet 2000 x 1000  x 100 T","Acetal",1,1,2473.5,,,,,,21,2473.5,,,"Sheet","Each","Thickness","100 mm",3462.9,2000,1000,100,,"Sheet","Black",,,,,,
2100245,"POMS12-BLK","Acetal Pom C Black Sheet 2000 x 1000  x 12 T","Acetal",1,1,296.4,,,,,,21,296.4,,,"Sheet","Each","Thickness","12 mm",533.52,2000,1000,12,,"Sheet","Black",,,,,,
2100247,"POMS15-BLK","Acetal Pom C Black Sheet 2000 x 1000  x 15 T","Acetal",1,1,371,,,,,,21,371,,,"Sheet","Each","Thickness","15 mm",593.6,2000,1000,15,,"Sheet","Black",,,,,,
2100249,"POMS20-BLK","Acetal Pom C Black Sheet 2000 x 1000  x 20 T","Acetal",1,1,494.3,,,,,,21,494.3,,,"Sheet","Each","Thickness","20 mm",790.88,2000,1000,20,,"Sheet","Black",,,,,,
2100251,"POMS25-BLK","Acetal Pom C Black Sheet 2000 x 1000  x 25   T","Acetal",1,1,618.7,,,,,,21,618.7,,,"Sheet","Each","Thickness","25 mm",989.92,2000,1000,25,,"Sheet","Black",,,,,,
2100253,"POMS30-BLK","Acetal Pom C Black Sheet 2000 x 1000  x 30 T","Acetal",1,1,741.9,,,,,,21,741.9,,,"Sheet","Each","Thickness","30 mm",1187.04,2000,1000,30,,"Sheet","Black",,,,,,
2100255,"POMS35-BLK","Acetal Pom C Black Sheet 2000 x 1000  x 35 T","Acetal",1,1,886.5,,,,,,21,886.5,,,"Sheet","Each","Thickness","35 mm",1418.4,2000,1000,35,,"Sheet","Black",,,,,,
2100256,"POMS40-BLK","Acetal Pom C Black Sheet 2000 x 1000  x 40 T","Acetal",1,1,989.6,,,,,,21,989.6,,,"Sheet","Each","Thickness","40 mm",1583.36,2000,1000,40,,"Sheet","Black",,,,,,
2100258,"POMS45-BLK","Acetal Pom C Black Sheet 2000 x 1000  x 45 T","Acetal",1,1,1139.8,,,,,,21,1139.8,,,"Sheet","Each","Thickness","45 mm",1823.68,2000,1000,45,,"Sheet","Black",,,,,,
2100259,"POMS50-BLK","Acetal Pom C Black Sheet 2000 x 1000  x 50 T","Acetal",1,1,1237.3,,,,,,21,1237.3,,,"Sheet","Each","Thickness","50 mm",1979.68,2000,1000,50,,"Sheet","Black",,,,,,
2100261,"POMS60-BLK","Acetal Pom C Black Sheet 2000 x 1000  x 60 T","Acetal",1,1,1483.9,,,,,,21,1483.9,,,"Sheet","Each","Thickness","60 mm",2374.24,2000,1000,60,,"Sheet","Black",,,,,,
2100263,"POMS70-BLK","Acetal Pom C Black Sheet 2000 x 1000  x 70 T","Acetal",1,1,1731.6,,,,,,21,1731.6,,,"Sheet","Each","Thickness","70 mm",2424.24,2000,1000,70,,"Sheet","Black",,,,,,
2100265,"POMS80-BLK","Acetal Pom C Black Sheet 2000 x 1000  x 80 T","Acetal",1,1,1979.1,,,,,,21,1979.1,,,"Sheet","Each","Thickness","80 mm",2770.74,2000,1000,80,,"Sheet","Black",,,,,,
2100267,"POMS90-BLK","Acetal Pom C Black Sheet 2000 x 1000  x 90 T","Acetal",1,1,2226.8,,,,,,21,2226.8,,,"Sheet","Each","Thickness","90 mm",3117.52,2000,1000,90,,"Sheet","Black",,,,,,
2100289,"R100-BLK","Black Cast Nylon Rod 100 dia x 1000  L","Black Nylon",1,1,89,,,,,,21,89,,,"Rod","Each","dia","90 mm",169.1,1000,,,90,"Rod","Black",,,,,,
2100298,"R125-BLK","Black Cast Nylon Rod 125 dia x 1000  L","Moly Filled Nylon",1,1,150.5,,,,,,21,150.5,,,"Rod","Each","dia","125 mm",270.9,1000,,,125,"Rod","Black",,,"Pre-order",,,
2100300,"R125-MOLY","Moly Filled Cast Nylon Rod 125 dia x 1000  L","Moly Filled Nylon",1,1,150.5,,,,,,21,150.5,,,"Rod","Each","dia","125 mm",270.9,1000,,,125,"Rod","Black",,,,,,
2100302,"R130-BLK","Black Cast Nylon Rod 130 dia x 1000  L","Moly Filled Nylon",1,1,160,,,,,,21,160,,,"Rod","Each","dia","130 mm",288,1000,,,130,"Rod","Black",,,"Pre-order",,,
2100304,"R130-MOLY","Moly Filled Cast Nylon Rod 130 dia x 1000  L","Moly Filled Nylon",1,1,160,,,,,,21,160,,,"Rod","Each","dia","130 mm",288,1000,,,130,"Rod","Black",,,,,,
2100307,"R150-BLK","Black Cast Nylon Rod 150 dia x 1000  L","Moly Filled Nylon",1,1,215.32,,,,,,21,215.32,,,"Rod","Each","dia","150 mm",387.58,1000,,,150,"Rod","Black",,,"Pre-order",,,
2100309,"R150-MOLY","Moly Filled Cast Nylon Rod 150 dia x 1000  L","Moly Filled Nylon",1,1,215.32,,,,,,21,215.32,,,"Rod","Each","dia","150 mm",387.58,1000,,,150,"Rod","Black",,,,,,
2100311,"R180-BLK","Black Cast Nylon Rod 180 dia x 1000  L","Moly Filled Nylon",1,1,288,,,,,,21,288,,,"Rod","Each","dia","180 mm",518.4,1000,,,180,"Rod","Black",,,"Pre-order",,,
2100314,"R200-BLK","Black Cast Nylon Rod 200 dia x 1000  L","Moly Filled Nylon",1,1,356,,,,,,21,356,,,"Rod","Each","dia","200 mm",569.6,1000,,,200,"Rod","Black",,,"Pre-order",,,
2100317,"R250-BLK","Black Cast Nylon Rod 250 dia x 600 L","Moly Filled Nylon",1,1,335.52,,,,,,21,335.52,,,"Rod","Each","dia","250 mm",536.83,600,,,250,"Rod","Black",,,"Pre-order",,,
2100319,"R250-MOLY","Moly Filled Cast Nylon Rod 250 dia x 600 L","Moly Filled Nylon",1,1,335.52,,,,,,21,335.52,,,"Rod","Each","dia","250 mm",536.83,600,,,250,"Rod","Black",,,,,,
2100321,"R30-BLK","Black Cast Nylon Rod 30 dia x 1000  L","Moly Filled Nylon",1,1,9.5,,,,,,21,9.5,,,"Rod","Each","dia","30 mm",18.05,1000,,,30,"Rod","Black",,,"Pre-order",,,
2100323,"R30-MOLY","Moly Filled Cast Nylon Rod 30 dia x 1000  L","Moly Filled Nylon",1,1,9.5,,,,,,21,9.5,,,"Rod","Each","dia","30 mm",18.05,1000,,,30,"Rod","Black",,,,,,
2100325,"R300-BLK","Black Cast Nylon Rod 300 dia x 600 L","Moly Filled Nylon",1,1,480,,,,,,21,480,,,"Rod","Each","dia","300 mm",768,600,,,300,"Rod","Black",,,"Pre-order",,,
2100327,"R300-MOLY","Moly Filled Cast Nylon Rod 300 dia x 600 L","Moly Filled Nylon",1,1,480,,,,,,21,480,,,"Rod","Each","dia","300 mm",768,600,,,300,"Rod","Black",,,,,,
2100329,"R40-BLK","Black Cast Nylon Rod 40 dia x 1000  L","Moly Filled Nylon",1,1,14.7,,,,,,21,14.7,,,"Rod","Each","dia","40 mm",27.93,1000,,,40,"Rod","Black",,,"Pre-order",,,
2100331,"R40-MOLY","Moly Filled Cast Nylon Rod 40 dia x 1000  L","Moly Filled Nylon",1,1,14.7,,,,,,21,14.7,,,"Rod","Each","dia","40 mm",27.93,1000,,,40,"Rod","Black",,,,,,
2100336,"R50-BLK","Black Cast Nylon Rod 50 dia x 1000  L","Black Nylon",1,1,22.1,,,,,,21,22.1,,,"Rod","Each","dia","50 mm",41.99,1000,,,50,"Rod","Black",,,"Pre-order",,,
2100341,"R60-BLK","Black Cast Nylon Rod 60 dia x 1000  L","Black Nylon",1,1,32,,,,,,21,32,,,"Rod","Each","dia","50 mm",60.8,1000,,,50,"Rod","Black",,,,,,
2100343,"R60-MOLY","Moly Filled Cast Nylon Rod 60 dia x 1000  L","Moly Filled Nylon",1,1,32,,,,,,21,32,,,"Rod","Each","dia","60 mm",60.8,1000,,,60,"Rod","Black",,,,,,
2100347,"R70-BLK","Black Cast Nylon Rod 70 dia x 1000  L","Black Nylon",1,1,44,,,,,,21,44,,,"Rod","Each","dia","60 mm",83.6,1000,,,60,"Rod","Black",,,,,,
2100349,"R70-MOLY","Moly Filled Cast Nylon Rod 70 dia x 1000  L","Moly Filled Nylon",1,1,44,,,,,,21,44,,,"Rod","Each","dia","70 mm",83.6,1000,,,70,"Rod","Black",,,,,,
2100353,"R80-BLK","Black Cast Nylon Rod 80 dia x 1000  L","Black Nylon",1,1,57,,,,,,21,57,,,"Rod","Each","dia","70 mm",108.3,1000,,,70,"Rod","Black",,,,,,
2100358,"R90-BLK","Black Cast Nylon Rod 90 dia x 1000  L","Black Nylon",1,1,72,,,,,,21,72,,,"Rod","Each","dia","80 mm",136.8,1000,,,80,"Rod","Black",,,"Pre-order",,,
2100360,"R90-MOLY","Moly Filled Cast Nylon Rod 90 dia x 1000  L","Moly Filled Nylon",1,1,75.79,,,,,,21,75.79,,,"Rod","Each","dia","90 mm",144,1000,,,90,"Rod","Black",,,,,,
2100365,"UH06-BLK-3x1.2","UHMWPE Black Sheet 3050 x 1220  x 6 T","UHMWPE",1,1,301,,,,,,21,301,,,"Sheet","Each","Thickness","6 mm",541.8,3050,1220,6,,"Sheet","Black",,,"Pre-order",,,
2100369,"UH08-BLK","UHMWPE Black Sheet 2000 x 1000  x 8 T","UHMWPE",1,1,177.5,,,,,,21,177.5,,,"Sheet","Each","Thickness","8 mm",319.5,2000,1000,8,,"Sheet","Black",,,,,,
2100370,"UH08-BLK-3","UHMWPE Black Sheet 3000 x 1000  x 8 T","UHMWPE",1,1,266.2,,,,,,21,266.2,,,"Sheet","Each","Thickness","8 mm",479.16,3000,1000,8,,"Sheet","Black",,,,,,
2100371,"UH08-BLK-3x1.2","UHMWPE Black Sheet 3050 x 1220  x 8 T","UHMWPE",1,1,352,,,,,,21,352,,,"Sheet","Each","Thickness","8 mm",563.2,3050,1220,8,,"Sheet","Black",,,,,,
2100376,"UH08-REG","UHMWPE Regrind Sheet 2000 x 1000  x 8 T","UHMWPE",1,1,140.6,,,,,,21,140.6,,,"Sheet","Each","Thickness","8 mm",253.08,2000,1000,8,,"Sheet","Black",,,"Pre-order",,,
2100377,"UH08-REG-3","UHMWPE Regrind Sheet 3000 x 1000  x 8 T","UHMWPE",1,1,210.9,,,,,,21,210.9,,,"Sheet","Each","Thickness","8 mm",379.62,3000,1000,8,,"Sheet","Black",,,,,,
2100378,"UH10-AS-3","UHMWPE Antistatic Sheet 3000 x 1000  x 10 T","UHMWPE",1,1,324.9,,,,,,21,324.9,,,"Sheet","Each","Thickness","10 mm",519.84,3000,1000,10,,"Sheet","Black",,,,,,
2100379,"UH10-BLK","UHMWPE Black Sheet 2000 x 1000  x 10 T","UHMWPE",1,1,206.6,,,,,,21,206.6,,,"Sheet","Each","Thickness","10 mm",371.88,2000,1000,10,,"Sheet","Black",,,,,,
2100380,"UH10-BLK-3","UHMWPE Black Sheet 3000 x 1000  x 10 T","UHMWPE",1,1,310,,,,,,21,310,,,"Sheet","Each","Thickness","10 mm",527,3000,1000,10,,"Sheet","Black",,,"Pre-order",,,
2100385,"UH10-REG","UHMWPE Regrind Sheet 2000 x 1000  x 10 T","UHMWPE",1,1,159.1,,,,,,21,159.1,,,"Sheet","Each","Thickness","10 mm",286.38,2000,1000,10,,"Sheet","Black",,,,,,
2100386,"UH10-REG-3","UHMWPE Regrind Sheet 3000 x1000  x 10 T","UHMWPE",1,1,238.6,,,,,,21,238.6,,,"Sheet","Each","Thickness","10 mm",429.48,3000,1000,10,,"Sheet","Black",,,,,,
2100387,"UH100-BLK","UHMWPE Black Sheet 2000 x 1000  x 100 T","UHMWPE",1,1,1939.1,,,,,,21,1939.1,,,"Sheet","Each","Thickness","100 mm",2714.74,2000,1000,100,,"Sheet","Black",,,,,,
2100389,"UH100-REG","UHMWPE Regrind Sheet 2000 x 1000  x 100 T","UHMWPE",1,1,1511,,,,,,21,1511,,,"Sheet","Each","Thickness","100 mm",2115.4,2000,1000,100,,"Sheet","Black",,,"Pre-order",,,
2100390,"UH12-AS-3","UHMWPE Antistatic Sheet 3000 x 1000  x 12 T","UHMWPE",1,1,383.35,,,,,,21,383.35,,,"Sheet","Each","Thickness","12 mm",613.36,3000,1000,12,,"Sheet","Black",,,,,,
2100391,"UH12-BLK","UHMWPE Black Sheet 2000 x 1000  x 12 T","UHMWPE",1,1,243.4,,,,,,21,243.4,,,"Sheet","Each","Thickness","12 mm",438.12,2000,1000,12,,"Sheet","Black",,,,,,
2100392,"UH12-BLK-3","UHMWPE Black Sheet 3000 x 1000  x 12 T","UHMWPE",1,1,365.1,,,,,,21,365.1,,,"Sheet","Each","Thickness","12 mm",584.16,3000,1000,12,,"Sheet","Black",,,,,,
2100397,"UH12-REG","UHMWPE Regrind Sheet 2000 x 1000  x 12 T","UHMWPE",1,1,188.3,,,,,,21,188.3,,,"Sheet","Each","Thickness","12 mm",338.94,2000,1000,12,,"Sheet","Black",,,"Pre-order",,,
2100398,"UH12-REG-3","UHMWPE Regrind Sheet 3000 x 1000  x 12 T","UHMWPE",1,1,282.4,,,,,,21,282.4,,,"Sheet","Each","Thickness","12 mm",508.32,3000,1000,12,,"Sheet","Black",,,,,,
2100399,"UH15-AS-3","UHMWPE Antistatic Sheet 3000 x 1000  x 15 T","UHMWPE",1,1,470.5,,,,,,21,470.5,,,"Sheet","Each","Thickness","15 mm",752.8,3000,1000,15,,"Sheet","Black",,,,,,
2100400,"UH15-BLK","UHMWPE Black Sheet 2000 x 1000  x 15 T","UHMWPE",1,1,298.5,,,,,,21,298.5,,,"Sheet","Each","Thickness","15 mm",537.3,2000,1000,15,,"Sheet","Black",,,,,,
2100401,"UH15-BLK-3","UHMWPE Black Sheet 3000 x 1000  x 15 T","UHMWPE",1,1,447.8,,,,,,21,447.8,,,"Sheet","Each","Thickness","15 mm",716.48,3000,1000,15,,"Sheet","Black",,,,,,
2100402,"UH15-BLK-3x1.2","UHMWPE Black Sheet 3050 x 1220  x 15 T","UHMWPE",1,1,612,,,,,,21,612,,,"Sheet","Each","Thickness","15 mm",979.2,3050,1220,15,,"Sheet","Black",,,,,,
2100407,"UH15-REG","UHMWPE Regrind Sheet 2000 x 1000  x 15 T","UHMWPE",1,1,230.4,,,,,,21,230.4,,,"Sheet","Each","Thickness","15 mm",414.72,2000,1000,15,,"Sheet","Black",,,"Pre-order",,,
2100408,"UH15-REG-3","UHMWPE Regrind Sheet 3000 x 1000  x 15 T","UHMWPE",1,1,345.6,,,,,,21,345.6,,,"Sheet","Each","Thickness","15 mm",552.96,3000,1000,15,,"Sheet","Black",,,,,,
2100409,"UH20-AS-3","UHMWPE Antistatic Sheet 3000 x 1000  x 20 T","UHMWPE",1,1,585.4,,,,,,21,585.4,,,"Sheet","Each","Thickness","20 mm",936.64,3000,1000,20,,"Sheet","Black",,,"Pre-order",,,
2100410,"UH20-BLK","UHMWPE Black Sheet 2000 x 1000  x 20 T","UHMWPE",1,1,372.1,,,,,,21,372.1,,,"Sheet","Each","Thickness","20 mm",595.36,2000,1000,20,,"Sheet","Black",,,,,,
2100411,"UH20-BLK-3","UHMWPE Black Sheet 3000 x 1000  x 20 T","UHMWPE",1,1,558.2,,,,,,21,558.2,,,"Sheet","Each","Thickness","20 mm",893.12,3000,1000,20,,"Sheet","Black",,,,,,
2100412,"UH20-BLK-3x1.2","UHMWPE Black Sheet 3050 x 1220  x 20 T","UHMWPE",1,1,772,,,,,,21,772,,,"Sheet","Each","Thickness","20 mm",1235.2,3050,1220,20,,"Sheet","Black",,,,,,
2100417,"UH20-REG","UHMWPE Regrind Sheet 2000 x 1000  x 20 T","UHMWPE",1,1,283.4,,,,,,21,283.4,,,"Sheet","Each","Thickness","20 mm",510.12,2000,1000,20,,"Sheet","Black",,,,,,
2100418,"UH20-REG-3","UHMWPE Regrind Sheet 3000 x 1000  x 20 T","UHMWPE",1,1,425.1,,,,,,21,425.1,,,"Sheet","Each","Thickness","20 mm",680.16,3000,1000,20,,"Sheet","Black",,,,,,
2100419,"UH25-AS-3","UHMWPE Antistatic Sheet 3000 x 1000  x 25 T","UHMWPE",1,1,708.6,,,,,,21,708.6,,,"Sheet","Each","Thickness","25 mm",1133.76,3000,1000,25,,"Sheet","Black",,,,,,
2100420,"UH25-BLK","UHMWPE Black Sheet 2000 x 1000  x 25 T","UHMWPE",1,1,449.9,,,,,,21,449.9,,,"Sheet","Each","Thickness","25 mm",719.84,2000,1000,25,,"Sheet","Black",,,,,,
2100421,"UH25-BLK-3","UHMWPE Black Sheet 3000 x 1000  x 25 T","UHMWPE",1,1,674.9,,,,,,21,674.9,,,"Sheet","Each","Thickness","25 mm",1079.84,3000,1000,25,,"Sheet","Black",,,,,,
2100422,"UH25-BLK-3x1.2","UHMWPE Black Sheet 3050 x 1220  x 25 T","UHMWPE",1,1,932,,,,,,21,932,,,"Sheet","Each","Thickness","25 mm",1491.2,3050,1220,25,,"Sheet","Black",,,,,,
2100427,"UH25-REG","UHMWPE Regrind Sheet 2000 x 1000  x 25 T","UHMWPE",1,1,340.7,,,,,,21,340.7,,,"Sheet","Each","Thickness","25 mm",545.12,2000,1000,25,,"Sheet","Black",,,,,,
2100428,"UH25-REG-3","UHMWPE Regrind Sheet 3000 x 1000  x 25 T","UHMWPE",1,1,511.1,,,,,,21,511.1,,,"Sheet","Each","Thickness","25 mm",817.76,3000,1000,25,,"Sheet","Black",,,"Pre-order",,,
2100429,"UH30-AS-3","UHMWPE Antistatic Sheet 3000 x 1000  x 30 T","UHMWPE",1,1,829.7,,,,,,21,829.7,,,"Sheet","Each","Thickness","30 mm",1327.52,3000,1000,30,,"Sheet","Black",,,,,,
2100430,"UH30-BLK","UHMWPE Black Sheet 2000 x 1000  x 30 T","UHMWPE",1,1,526.8,,,,,,21,526.8,,,"Sheet","Each","Thickness","30 mm",842.88,2000,1000,30,,"Sheet","Black",,,,,,
2100431,"UH30-BLK-3","UHMWPE Black Sheet 3000 x 1000  x 30 T","UHMWPE",1,1,790.2,,,,,,21,790.2,,,"Sheet","Each","Thickness","30 mm",1264.32,3000,1000,30,,"Sheet","Black",,,,,,
2100432,"UH30-BLK-3x1.2","UHMWPE Black Sheet 3050 x 1220  x 30 T","UHMWPE",1,1,1094,,,,,,21,1094,,,"Sheet","Each","Thickness","30 mm",1750.4,3050,1220,30,,"Sheet","Black",,,,,,
2100437,"UH30-REG","UHMWPE Regrind Sheet 2000 x 1000  x 30 T","UHMWPE",1,1,397,,,,,,21,397,,,"Sheet","Each","Thickness","30 mm",635.2,2000,1000,30,,"Sheet","Black",,,,,,
2100438,"UH30-REG-3","UHMWPE Regrind Sheet 3000 x 1000  x 30 T","UHMWPE",1,1,595.5,,,,,,21,595.5,,,"Sheet","Each","Thickness","30 mm",952.8,3000,1000,30,,"Sheet","Black",,,,,,
2100439,"UH40-AS-3","UHMWPE Antistatic Sheet 3000 x 1000  x 40 T","UHMWPE",1,1,1100.85,,,,,,21,1100.85,,,"Sheet","Each","Thickness","40 mm",1761.36,3000,1000,40,,"Sheet","Black",,,,,,
2100440,"UH40-BLK","UHMWPE Black Sheet 2000 x 1000  x 40 T","UHMWPE",1,1,694.4,,,,,,21,694.4,,,"Sheet","Each","Thickness","40 mm",1111.04,2000,1000,40,,"Sheet","Black",,,,,,
2100441,"UH40-BLK-3","UHMWPE Black Sheet 3000 x 1000  x 40 T","UHMWPE",1,1,1041.5,,,,,,21,1041.5,,,"Sheet","Each","Thickness","40 mm",1666.4,3000,1000,40,,"Sheet","Black",,,,,,
2100442,"UH40-BLK-3x1.2","UHMWPE Black Sheet 3050 x 1220  x 40 T","UHMWPE",1,1,1438,,,,,,21,1438,,,"Sheet","Each","Thickness","40 mm",2300.8,3050,1220,40,,"Sheet","Black",,,,,,
2100447,"UH40-REG","UHMWPE Regrind Sheet 2000 x 1000  x 40 T","UHMWPE",1,1,523.5,,,,,,21,523.5,,,"Sheet","Each","Thickness","40 mm",837.6,2000,1000,40,,"Sheet","Black",,,"Pre-order",,,
2100448,"UH40-REG-1","'UHMWPE Regrind Sheet 1000 x 1000  x 40 T' ","UHMWPE",1,1,261.75,,,,,,21,261.75,,,"Sheet","Each","Thickness","40 mm",471.15,1000,1000,40,,"Sheet","Black",,,,,,
2100449,"UH40-REG-3","UHMWPE Regrind Sheet 3000 x 1000  x 40 T","UHMWPE",1,1,785.3,,,,,,21,785.3,,,"Sheet","Each","Thickness","40 mm",1256.48,3000,1000,40,,"Sheet","Black",,,,,,
2100450,"UH50-AS-3","UHMWPE Antistatic Sheet 3000 x 1000  x 50 T","UHMWPE",1,1,1350.95,,,,,,21,1350.95,,,"Sheet","Each","Thickness","50 mm",2161.52,3000,1000,50,,"Sheet","Black",,,,,,
2100451,"UH50-BLK","UHMWPE Black Sheet 2000 x 1000  x 50 T","UHMWPE",1,1,852.3,,,,,,21,852.3,,,"Sheet","Each","Thickness","50 mm",1363.68,2000,1000,50,,"Sheet","Black",,,,,,
2100452,"UH50-BLK-3","UHMWPE Black Sheet 3000 x 1000  x 50 T","UHMWPE",1,1,1278.4,,,,,,21,1278.4,,,"Sheet","Each","Thickness","50 mm",2045.44,3000,1000,50,,"Sheet","Black",,,"Pre-order",,,
2100453,"UH50-BLK-3x1.2","UHMWPE Black Sheet 3050 x 1220  x 50 T","UHMWPE",1,1,1763,,,,,,21,1763,,,"Sheet","Each","Thickness","50 mm",2468.2,3050,1220,50,,"Sheet","Black",,,"Pre-order",,,
2100458,"UH50-REG","UHMWPE Regrind Sheet 2000 x 1000  x 50 T","UHMWPE",1,1,650.1,,,,,,21,650.1,,,"Sheet","Each","Thickness","50 mm",1040.16,2000,1000,50,,"Sheet","Black",,,,,,
2100459,"UH50-REG-1","'UHMWPE Regrind Sheet  1000 x 1000  x 50 T' ","UHMWPE",1,1,325,,,,,,21,325,,,"Sheet","Each","Thickness","50 mm",520,1000,1000,50,,"Sheet","Black",,,,,,
2100460,"UH50-REG-3","UHMWPE Regrind Sheet 3000 x 1000  x 50 T","UHMWPE",1,1,975.1,,,,,,21,975.1,,,"Sheet","Each","Thickness","50 mm",1560.16,3000,1000,50,,"Sheet","Black",,,"Pre-order",,,
2100461,"UH60-BLK","UHMWPE Black Sheet 2000 x 1000  x 60 T","UHMWPE",1,1,1052.3,,,,,,21,1052.3,,,"Sheet","Each","Thickness","60 mm",1683.68,2000,1000,60,,"Sheet","Black",,,"Pre-order",,,
2100464,"UH60-REG","UHMWPE Regrind Sheet 2000 x 1000  x 60 T","UHMWPE",1,1,791.7,,,,,,21,791.7,,,"Sheet","Each","Thickness","60 mm",1266.72,2000,1000,60,,"Sheet","Black",,,"Pre-order",,,
2100465,"UH70-BLK","UHMWPE Black Sheet 2000 x 1000  x 70 T","UHMWPE",1,1,1335.9,,,,,,21,1335.9,,,"Sheet","Each","Thickness","70 mm",2137.44,2000,1000,70,,"Sheet","Black",,,,,,
2100467,"UH70-REG","UHMWPE Regrind Sheet 2000 x 1000  x 70 T","UHMWPE",1,1,945.3,,,,,,21,945.3,,,"Sheet","Each","Thickness","70 mm",1512.48,2000,1000,70,,"Sheet","Black",,,,,,
2100468,"UH80-BLK","UHMWPE Black Sheet 2000 x 1000  x 80 T","UHMWPE",1,1,1467.7,,,,,,21,1467.7,,,"Sheet","Each","Thickness","80 mm",2348.32,2000,1000,80,,"Sheet","Black",,,,,,
2100470,"UH80-REG","UHMWPE Regrind Sheet 2000 x 1000  x 80 T","UHMWPE",1,1,1124.8,,,,,,21,1124.8,,,"Sheet","Each","Thickness","80 mm",1799.68,2000,1000,80,,"Sheet","Black",,,,,,
2100471,"UH80-REG-3","UHMWPE Regrind Sheet 3000 x 1000  x 80 T","UHMWPE",1,1,1687.2,,,,,,21,1687.2,,,"Sheet","Each","Thickness","80 mm",2362.08,3000,1000,80,,"Sheet","Black",,,,,,
2100472,"UHMWR-100-BLK","UHMWPE Black Rod 100 dia x 1000  L","UHMWPE",1,1,83.8,,,,,,21,83.8,,,"Rod","Each","dia","100 mm",159.22,1000,,,100,"Rod","Black",,,,,,
2100475,"UHMWR-130-BLK","UHMWPE Black Rod 130 dia x 1000  L","UHMWPE",1,1,141.9,,,,,,21,141.9,,,"Rod","Each","dia","130 mm",255.42,1000,,,130,"Rod","Black",,,,,,
2100478,"UHMWR-150-BLK","UHMWPE Black Rod 150 dia x 1000  L","UHMWPE",1,1,188.6,,,,,,21,188.6,,,"Rod","Each","dia","150 mm",339.48,1000,,,150,"Rod","Black",,,,,,
2100482,"UHMWR-180-BLK","UHMWPE Black Rod 180 dia x 1000  L","UHMWPE",1,1,269.2,,,,,,21,269.2,,,"Rod","Each","dia","180 mm",484.56,1000,,,180,"Rod","Black",,,"Pre-order",,,
2100485,"UHMWR-20-BLK","UHMWPE Black Rod 20 dia x 1000  L","UHMWPE",1,1,3.5,,,,,,21,3.5,,,"Rod","Each","dia","20 mm",6.65,1000,,,20,"Rod","Black",,,"Pre-order",,,
2100487,"UHMWR-200-BLK","UHMWPE Black Rod 200 dia x 1000  L","UHMWPE",1,1,334.1,,,,,,21,334.1,,,"Rod","Each","dia","200 mm",534.56,1000,,,200,"Rod","Black",,,,,,
2100490,"UHMWR-250-BLK","UHMWPE Black Rod 250 dia x 1000  L","UHMWPE",1,1,1064,,,,,,21,1064,,,"Rod","Each","dia","250 mm",1702.4,1000,,,250,"Rod","Black",,,,,,
2100492,"UHMWR-30-BLK","UHMWPE Black Rod 30 dia x 1000  L","UHMWPE",1,1,7.8,,,,,,21,7.8,,,"Rod","Each","dia","30 mm",14.82,1000,,,30,"Rod","Black",,,,,,
2100494,"UHMWR-300-BLK","UHMWPE Black Rod 300 dia x 1000  L","UHMWPE",1,1,1568.9,,,,,,21,1568.9,,,"Rod","Each","dia","300 mm",2196.46,1000,,,300,"Rod","Black",,,"Pre-order",,,
2100496,"UHMWR-40-BLK","UHMWPE Black Rod 40 dia x 1000  L","UHMWPE",1,1,13.2,,,,,,21,13.2,,,"Rod","Each","dia","40 mm",25.08,1000,,,40,"Rod","Black",,,,,,
2100498,"UHMWR-50-BLK","UHMWPE Black Rod 50 dia x 1000  L","UHMWPE",1,1,21,,,,,,21,21,,,"Rod","Each","dia","50 mm",39.9,1000,,,50,"Rod","Black",,,,,,
2100501,"UHMWR-60-BLK","UHMWPE Black Rod 60 dia x 1000  L","UHMWPE",1,1,29.8,,,,,,21,29.8,,,"Rod","Each","dia","60 mm",56.62,1000,,,60,"Rod","Black",,,"Pre-order",,,
2100504,"UHMWR-70-BLK","UHMWPE Black Rod 70 dia x 1000  L","UHMWPE",1,1,40.8,,,,,,21,40.8,,,"Rod","Each","dia","70 mm",77.52,1000,,,70,"Rod","Black",,,,,,
2100507,"UHMWR-80-BLK","UHMWPE Black Rod 80 dia x 1000  L","UHMWPE",1,1,52.9,,,,,,21,52.9,,,"Rod","Each","dia","80 mm",100.51,1000,,,80,"Rod","Black",,,,,,
2100510,"UHMWR-90-BLK","UHMWPE Black Rod 90 dia x 1000  L","UHMWPE",1,1,67.3,,,,,,21,67.3,,,"Rod","Each","dia","90 mm",127.87,1000,,,90,"Rod","Black",,,,,,
2100062,"P08-HS","Heat Stabilised Cast Nylon Sheet 2000 x 1000  x 8 T","Heat Stab Nylon",1,1,169,,,,,,21,169,,,"Sheet","Each","Thickness","8 mm",304.2,2000,1000,8,,"Sheet","Blue",,,,,,
2100067,"P10-HS","Heat Stabilised Cast Nylon Sheet 2000 x 1000  x 10 T","Heat Stab Nylon",1,1,211,,,,,,21,211,,,"Sheet","Each","Thickness","10 mm",379.8,2000,1000,10,,"Sheet","Blue",,,,,,
2100072,"P100-HS","Heat Stabilised Cast Nylon Sheet 2000 x 1000  x 100 T","Heat Stab Nylon",1,1,2112,,,,,,21,2112,,,"Sheet","Each","Thickness","100 mm",2956.8,2000,1000,100,,"Sheet","Blue",,,,,,
2100076,"P12-HS","Heat Stabilised Cast Nylon Sheet 2000 x 1000  x 12 T","Heat Stab Nylon",1,1,253,,,,,,21,253,,,"Sheet","Each","Thickness","12 mm",455.4,2000,1000,12,,"Sheet","Blue",,,,,,
2100082,"P15-HS","Heat Stabilised Cast Nylon Sheet 2000 x 1000  x 15 T","Heat Stab Nylon",1,1,317,,,,,,21,317,,,"Sheet","Each","Thickness","15 mm",507.2,2000,1000,15,,"Sheet","Blue",,,,,,
2100088,"P20-HS","Heat Stabilised Cast Nylon Sheet 2000 x 1000  x 20 T","Heat Stab Nylon",1,1,422,,,,,,21,422,,,"Sheet","Each","Thickness","20 mm",675.2,2000,1000,20,,"Sheet","Blue",,,,,,
2100094,"P25-HS","Heat Stabilised Cast Nylon Sheet 2000 x 1000  x 25 T","Heat Stab Nylon",1,1,528,,,,,,21,528,,,"Sheet","Each","Thickness","25 mm",844.8,2000,1000,25,,"Sheet","Blue",,,,,,
2100100,"P30-HS","Heat Stabilised Cast Nylon Sheet 2000 x 1000  x 30 T","Heat Stab Nylon",1,1,634,,,,,,21,634,,,"Sheet","Each","Thickness","30 mm",1014.4,2000,1000,30,,"Sheet","Blue",,,,,,
2100106,"P40-HS","Heat Stabilised Cast Nylon Sheet 2000 x 1000  x 40 T","Heat Stab Nylon",1,1,845,,,,,,21,845,,,"Sheet","Each","Thickness","40 mm",1352,2000,1000,40,,"Sheet","Blue",,,,,,
2100112,"P50-HS","Heat Stabilised Cast Nylon Sheet 2000 x 1000  x 50 T","Heat Stab Nylon",1,1,1056,,,,,,21,1056,,,"Sheet","Each","Thickness","50 mm",1689.6,2000,1000,50,,"Sheet","Blue",,,,,,
2100118,"P60-HS","Heat Stabilised Cast Nylon Sheet 2000 x 1000  x 60 T","Heat Stab Nylon",1,1,1267,,,,,,21,1267,,,"Sheet","Each","Thickness","60 mm",2027.2,2000,1000,60,,"Sheet","Blue",,,,,,
2100121,"P70-HS","Heat Stabilised Cast Nylon Sheet 2000 x 1000  x 70 T","Heat Stab Nylon",1,1,1479,,,,,,21,1479,,,"Sheet","Each","Thickness","70 mm",2366.4,2000,1000,70,,"Sheet","Blue",,,,,,
2100125,"P80-HS","Heat Stabilised Cast Nylon Sheet 2000 x 1000  x 80 T","Heat Stab Nylon",1,1,1690,,,,,,21,1690,,,"Sheet","Each","Thickness","80 mm",2366,2000,1000,80,,"Sheet","Blue",,,,,,
2100290,"R100-HS","Heat Stabilised Cast Nylon Rod 100 dia x 1000  L","Heat Stab Nylon",1,1,83,,,,,,21,83,,,"Rod","Each","dia","100 mm",157.7,1000,,,100,"Rod","Blue",,,,,,
2100299,"R125-HS","Heat Stabilised Cast Nylon Rod 125 dia x 1000  L","Heat Stab Nylon",1,1,130,,,,,,21,130,,,"Rod","Each","dia","125 mm",234,1000,,,125,"Rod","Blue",,,,,,
2100303,"R130-HS","Heat Stabilised Cast Nylon Rod 130 dia x 1000  L","Heat Stab Nylon",1,1,135.2,,,,,,21,135.2,,,"Rod","Each","dia","130 mm",243.36,1000,,,130,"Rod","Blue",,,,,,
2100308,"R150-HS","Heat Stabilised Cast Nylon Rod 150 dia x 1000  L","Heat Stab Nylon",1,1,187,,,,,,21,187,,,"Rod","Each","dia","150 mm",336.6,1000,,,150,"Rod","Blue",,,,,,
2100312,"R180-HS","Heat Stabilised Cast Nylon Rod 180 dia x 1000  L","Heat Stab Nylon",1,1,269,,,,,,21,269,,,"Rod","Each","dia","180 mm",484.2,1000,,,180,"Rod","Blue",,,,,,
2100315,"R200-HS","Heat Stabilised Cast Nylon Rod 200 dia x 1000  L","Heat Stab Nylon",1,1,332,,,,,,21,332,,,"Rod","Each","dia","200 mm",531.2,1000,,,200,"Rod","Blue",,,,,,
2100318,"R250-HS","Heat Stabilised Cast Nylon Rod 250 dia x 600 L","Heat Stab Nylon",1,1,311,,,,,,21,311,,,"Rod","Each","dia","250 mm",497.6,600,,,250,"Rod","Blue",,,"Pre-order",,,
2100322,"R30-HS","Heat Stabilised Cast Nylon Rod 30 dia x 1000  L","Heat Stab Nylon",1,1,8.4,,,,,,21,8.4,,,"Rod","Each","dia","100 mm",15.96,1000,,,100,"Rod","Blue",,,,,,
2100326,"R300-HS","Heat Stabilised Cast Nylon Rod 300 dia x 600 L","Heat Stab Nylon",1,1,448,,,,,,21,448,,,"Rod","Each","dia","300 mm",716.8,600,,,300,"Rod","Blue",,,,,,
2100330,"R40-HS","Heat Stabilised Cast Nylon Rod 40 dia x 1000  L","Heat Stab Nylon",1,1,13,,,,,,21,13,,,"Rod","Each","dia","30 mm",24.7,1000,,,30,"Rod","Blue",,,,,,
2100335,"R45-HS","Heat Stabilised Cast Nylon Rod 45 dia x 1000  L","Heat Stab Nylon",1,1,14.63,,,,,,21,14.63,,,"Rod","Each","dia","40 mm",27.8,1000,,,40,"Rod","Blue",,,,,,
2100337,"R50-HS","Heat Stabilised Cast Nylon Rod 50 dia x 1000  L","Heat Stab Nylon",1,1,22.12,,,,,,21,22.12,,,"Rod","Each","dia","50 mm",42.03,1000,,,50,"Rod","Blue",,,,,,
2100342,"R60-HS","Heat Stabilised Cast Nylon Rod 60 dia x 1000  L","Heat Stab Nylon",1,1,30,,,,,,21,30,,,"Rod","Each","dia","60 mm",57,1000,,,60,"Rod","Blue",,,,,,
2100348,"R70-HS","Heat Stabilised Cast Nylon Rod 70 dia x 1000  L","Heat Stab Nylon",1,1,41,,,,,,21,41,,,"Rod","Each","dia","70 mm",77.9,1000,,,70,"Rod","Blue",,,,,,
2100354,"R80-HS","Heat Stabilised Cast Nylon Rod 80 dia x 1000  L","Heat Stab Nylon",1,1,53,,,,,,21,53,,,"Rod","Each","dia","80 mm",100.7,1000,,,80,"Rod","Blue",,,,,,
2100359,"R90-HS","Heat Stabilised Cast Nylon Rod 90 dia x 1000  L","Heat Stab Nylon",1,1,67,,,,,,21,67,,,"Rod","Each","dia","90 mm",127.3,1000,,,90,"Rod","Blue",,,,,,
2100063,"P08-NAT","Natural Cast Nylon Sheet 2000 x 1000  x 8 T","Natural Nylon",1,1,169,,,,,,21,169,,,"Sheet","Each","Thickness","8 mm",304.2,2000,1000,8,,"Sheet","Cream",,,,,,
2100068,"P10-NAT","Natural Cast Nylon Sheet 2000 x 1000  x 10 T","Natural Nylon",1,1,227.42,,,,,,21,227.42,,,"Sheet","Each","Thickness","10 mm",409.36,2000,1000,10,,"Sheet","Cream",,,,,,
2100074,"P100-NAT","Natural Cast Nylon Sheet 2000 x 1000  x 100 T","Natural Nylon",1,1,2112,,,,,,21,2112,,,"Sheet","Each","Thickness","100 mm",2956.8,2000,1000,100,,"Sheet","Cream",,,"Pre-order",,,
2100078,"P12-NAT","Natural Cast Nylon Sheet 2000 x 1000  x 12 T","Natural Nylon",1,1,253,,,,,,21,253,,,"Sheet","Each","Thickness","12 mm",455.4,2000,1000,12,,"Sheet","Cream",,,,,,
2100084,"P15-NAT","Natural Cast Nylon Sheet 2000 x 1000  x 15 T","Natural Nylon",1,1,317,,,,,,21,317,,,"Sheet","Each","Thickness","15 mm",507.2,2000,1000,15,,"Sheet","Cream",,,,,,
2100090,"P20-NAT","Natural Cast Nylon Sheet 2000 x 1000  x 20 T","Natural Nylon",1,1,422,,,,,,21,422,,,"Sheet","Each","Thickness","20 mm",675.2,2000,1000,20,,"Sheet","Cream",,,"Pre-order",,,
2100096,"P25-NAT","Natural Cast Nylon Sheet 2000 x 1000  x 25 T","Natural Nylon",1,1,528,,,,,,21,528,,,"Sheet","Each","Thickness","25 mm",844.8,2000,1000,25,,"Sheet","Cream",,,,,,
2100102,"P30-NAT","Natural Cast Nylon Sheet 2000 x 1000  x 30 T","Natural Nylon",1,1,634,,,,,,21,634,,,"Sheet","Each","Thickness","30 mm",1014.4,2000,1000,30,,"Sheet","Cream",,,,,,
2100108,"P40-NAT","Natural Cast Nylon Sheet 2000 x 1000  x 40 T","Natural Nylon",1,1,845,,,,,,21,845,,,"Sheet","Each","Thickness","40 mm",1352,2000,1000,40,,"Sheet","Cream",,,,,,
2100114,"P50-NAT","Natural Cast Nylon Sheet 2000 x 1000  x 50 T","Natural Nylon",1,1,1056,,,,,,21,1056,,,"Sheet","Each","Thickness","50 mm",1689.6,2000,1000,50,,"Sheet","Cream",,,,,,
2100119,"P60-NAT","Natural Cast Nylon Sheet 2000 x 1000  x 60 T","Natural Nylon",1,1,1267,,,,,,21,1267,,,"Sheet","Each","Thickness","60 mm",2027.2,2000,1000,60,,"Sheet","Cream",,,,,,
2100123,"P70-NAT","Natural Cast Nylon Sheet 2000 x 1000  x 70 T","Natural Nylon",1,1,1479,,,,,,21,1479,,,"Sheet","Each","Thickness","70 mm",2366.4,2000,1000,70,,"Sheet","Cream",,,,,,
2100127,"P80-NAT","Natural Cast Nylon Sheet 2000 x 1000  x 80 T","Natural Nylon",1,1,1690,,,,,,21,1690,,,"Sheet","Each","Thickness","80 mm",2366,2000,1000,80,,"Sheet","Cream",,,,,,
2100291,"R100-NAT","Natural Cast Nylon Rod 100 dia x 1000  L","Natural Nylon",1,1,88.9,,,,,,21,88.9,,,"Rod","Each","dia","100 mm",168.91,1000,,,100,"Rod","Cream",,,,,,
2100294,"R110-NAT","Natural Cast Nylon Rod 110 dia x 1000  L","Natural Nylon",1,1,111.1,,,,,,21,111.1,,,"Rod","Each","dia","110 mm",199.98,1000,,,110,"Rod","Cream",,,,,,
2100296,"R120-NAT","Natural Cast Nylon Rod 120 dia x 1000  L","Natural Nylon",1,1,130,,,,,,21,130,,,"Rod","Each","dia","120 mm",234,1000,,,120,"Rod","Cream",,,,,,
2100301,"R125-NAT","Natural Cast Nylon Rod 125 dia x 1000  L","Natural Nylon",1,1,130,,,,,,21,130,,,"Rod","Each","dia","125 mm",234,1000,,,125,"Rod","Cream",,,,,,
2100306,"R140-NAT","Natural Cast Nylon Rod 140 dia x 1000  L","Natural Nylon",1,1,187.3,,,,,,21,187.3,,,"Rod","Each","dia","140 mm",337.14,1000,,,140,"Rod","Cream",,,,,,
2100310,"R150-NAT","Natural Cast Nylon Rod 150 dia x 1000  L","Natural Nylon",1,1,201.22,,,,,,21,201.22,,,"Rod","Each","dia","150 mm",362.2,1000,,,150,"Rod","Cream",,,,,,
2100313,"R180-NAT","Natural Cast Nylon Rod 180 dia x 1000  L","Natural Nylon",1,1,269,,,,,,21,269,,,"Rod","Each","dia","180 mm",484.2,1000,,,180,"Rod","Cream",,,,,,
2100316,"R200-NAT","Natural Cast Nylon Rod 200 dia x 1000  L","Natural Nylon",1,1,358.81,,,,,,21,358.81,,,"Rod","Each","dia","200 mm",574.1,1000,,,200,"Rod","Cream",,,,,,
2100320,"R250-NAT","Natural Cast Nylon Rod 250 dia x 600 L","Natural Nylon",1,1,311,,,,,,21,311,,,"Rod","Each","dia","250 mm",497.6,600,,,250,"Rod","Cream",,,"Pre-order",,,
2100324,"R30-NAT","Natural Cast Nylon Rod 30 dia x 1000  L","Natural Nylon",1,1,8.4,,,,,,21,8.4,,,"Rod","Each","dia","30 mm",15.96,1000,,,30,"Rod","Cream",,,,,,
2100328,"R300-NAT","Natural Cast Nylon Rod 300 dia x 600 L","Natural Nylon",1,1,448,,,,,,21,448,,,"Rod","Each","dia","300 mm",716.8,600,,,300,"Rod","Cream",,,,,,
2100332,"R40-NAT","Natural Cast Nylon Rod 40 dia x 1000  L","Natural Nylon",1,1,13,,,,,,21,13,,,"Rod","Each","dia","40 mm",24.7,1000,,,40,"Rod","Cream",,,,,,
2100338,"R50-NAT","Natural Cast Nylon Rod 50 dia x 1000  L","Natural Nylon",1,1,22.65,,,,,,21,22.65,,,"Rod","Each","dia","50 mm",43.04,1000,,,50,"Rod","Cream",,,,,,
2100344,"R60-NAT","Natural Cast Nylon Rod 60 dia x 1000  L","Natural Nylon",1,1,31.97,,,,,,21,31.97,,,"Rod","Each","dia","60 mm",60.74,1000,,,60,"Rod","Cream",,,,,,
2100350,"R70-NAT","Natural Cast Nylon Rod 70 dia x 1000  L","Natural Nylon",1,1,41,,,,,,21,41,,,"Rod","Each","dia","70 mm",77.9,1000,,,70,"Rod","Cream",,,,,,
2100355,"R80-NAT","Natural Cast Nylon Rod 80 dia x 1000  L","Natural Nylon",1,1,56.87,,,,,,21,56.87,,,"Rod","Each","dia","80 mm",108.05,1000,,,80,"Rod","Cream",,,,,,
2100361,"R90-NAT","Natural Cast Nylon Rod 90 dia x 1000  L","Natural Nylon",1,1,67,,,,,,21,67,,,"Rod","Each","dia","90 mm",127.3,1000,,,90,"Rod","Cream",,,,,,
2100372,"UH08-GRN","UHMWPE Green Sheet 2000 x 1000  x 8 T","UHMWPE",1,1,177.5,,,,,,21,177.5,,,"Sheet","Each","Thickness","8 mm",319.5,2000,1000,8,,"Sheet","Green",,,,,,
2100381,"UH10-GRN","UHMWPE Green Sheet 2000 x 1000  x 10 T","UHMWPE",1,1,206.6,,,,,,21,206.6,,,"Sheet","Each","Thickness","10 mm",371.88,2000,1000,10,,"Sheet","Green",,,"Pre-order",,,
2100393,"UH12-GRN","UHMWPE Green Sheet 2000 x 1000  x 12 T","UHMWPE",1,1,243.4,,,,,,21,243.4,,,"Sheet","Each","Thickness","12 mm",438.12,2000,1000,12,,"Sheet","Green",,,,,,
2100403,"UH15-GRN","UHMWPE Green Sheet 2000 x 1000  x 15 T","UHMWPE",1,1,298.5,,,,,,21,298.5,,,"Sheet","Each","Thickness","15 mm",537.3,2000,1000,15,,"Sheet","Green",,,,,,
2100413,"UH20-GRN","UHMWPE Green Sheet 2000 x 1000  x 20 T","UHMWPE",1,1,372.1,,,,,,21,372.1,,,"Sheet","Each","Thickness","20 mm",595.36,2000,1000,20,,"Sheet","Green",,,"Pre-order",,,
2100423,"UH25-GRN","UHMWPE Green Sheet 2000 x 1000  x 25 T","UHMWPE",1,1,449.9,,,,,,21,449.9,,,"Sheet","Each","Thickness","25 mm",719.84,2000,1000,25,,"Sheet","Green",,,,,,
2100433,"UH30-GRN","UHMWPE Green Sheet 2000 x 1000  x 30 T","UHMWPE",1,1,526.8,,,,,,21,526.8,,,"Sheet","Each","Thickness","30 mm",842.88,2000,1000,30,,"Sheet","Green",,,,,,
2100443,"UH40-GRN","UHMWPE Green Sheet 2000 x 1000  x 40 T","UHMWPE",1,1,694.4,,,,,,21,694.4,,,"Sheet","Each","Thickness","40 mm",1111.04,2000,1000,40,,"Sheet","Green",,,,,,
2100454,"UH50-GRN","UHMWPE Green Sheet 2000 x 1000  x 50 T","UHMWPE",1,1,852.3,,,,,,21,852.3,,,"Sheet","Each","Thickness","50 mm",1363.68,2000,1000,50,,"Sheet","Green",,,"Pre-order",,,
2100462,"UH60-GRN","UHMWPE Green Sheet 2000 x 1000  x 60 T","UHMWPE",1,1,1052.3,,,,,,21,1052.3,,,"Sheet","Each","Thickness","60 mm",1683.68,2000,1000,60,,"Sheet","Green",,,,,,
2100473,"UHMWR-100-GRN","UHMWPE Green Rod 100 dia x 1000  L","UHMWPE",1,1,83.8,,,,,,21,83.8,,,"Rod","Each","dia","100 mm",159.22,1000,,,100,"Rod","Green",,,,,,
2100476,"UHMWR-130-GRN","UHMWPE Green Rod 130 dia x 1000  L","UHMWPE",1,1,141.9,,,,,,21,141.9,,,"Rod","Each","dia","130 mm",255.42,1000,,,130,"Rod","Green",,,,,,
2100479,"UHMWR-150-GRN","UHMWPE Green Rod 150 dia x 1000  L","UHMWPE",1,1,188.6,,,,,,21,188.6,,,"Rod","Each","dia","150 mm",339.48,1000,,,150,"Rod","Green",,,,,,
2100483,"UHMWR-180-GRN","UHMWPE Green Rod 180 dia x 1000  L","UHMWPE",1,1,269.2,,,,,,21,269.2,,,"Rod","Each","dia","180 mm",484.56,1000,,,180,"Rod","Green",,,,,,
2100488,"UHMWR-200-GRN","UHMWPE Green Rod 200 dia x 1000  L","UHMWPE",1,1,334.1,,,,,,21,334.1,,,"Rod","Each","dia","200 mm",534.56,1000,,,200,"Rod","Green",,,,,,
2100499,"UHMWR-50-GRN","UHMWPE Green Rod 50 dia x 1000  L","UHMWPE",1,1,21,,,,,,21,21,,,"Rod","Each","dia","50 mm",39.9,1000,,,50,"Rod","Green",,,,,,
2100502,"UHMWR-60-GRN","UHMWPE Green Rod 60 dia x 1000  L","UHMWPE",1,1,29.8,,,,,,21,29.8,,,"Rod","Each","dia","60 mm",56.62,1000,,,60,"Rod","Green",,,,,,
2100505,"UHMWR-70-GRN","UHMWPE Green Rod 70 dia x 1000  L","UHMWPE",1,1,40.8,,,,,,21,40.8,,,"Rod","Each","dia","70 mm",77.52,1000,,,70,"Rod","Green",,,,,,
2100508,"UHMWR-80-GRN","UHMWPE Green Rod 80 dia x 1000  L","UHMWPE",1,1,52.9,,,,,,21,52.9,,,"Rod","Each","dia","80 mm",100.51,1000,,,80,"Rod","Green",,,,,,
2100511,"UHMWR-90-GRN","UHMWPE Green Rod 90 dia x 1000  L","UHMWPE",1,1,67.3,,,,,,21,67.3,,,"Rod","Each","dia","90 mm",127.87,1000,,,90,"Rod","Green",,,,,,
2100065,"P08-WAx","Wax Filled Cast Nylon Sheet 2000 x 1000  x 8 T","Wax Filled Nylon",1,1,215.2,,,,,,21,215.2,,,"Sheet","Each","Thickness","8 mm",387.36,2000,1000,8,,"Sheet","Grey",,,,,,
2100070,"P10-WAx","Wax Filled Cast Nylon Sheet 2000 x 1000  x 10 T","Wax Filled Nylon",1,1,268.99,,,,,,21,268.99,,,"Sheet","Each","Thickness","10 mm",484.18,2000,1000,10,,"Sheet","Grey",,,,,,
2100080,"P12-WAx","Wax Filled Cast Nylon Sheet 2000 x 1000  x 12 T","Wax Filled Nylon",1,1,322.8,,,,,,21,322.8,,,"Sheet","Each","Thickness","12 mm",516.48,2000,1000,12,,"Sheet","Grey",,,,,,
2100086,"P15-WAx","Wax Filled Cast Nylon Sheet 2000 x 1000  x 15 T","Wax Filled Nylon",1,1,403.49,,,,,,21,403.49,,,"Sheet","Each","Thickness","15 mm",645.58,2000,1000,15,,"Sheet","Grey",,,,,,
2100092,"P20-WAx","Wax Filled Cast Nylon Sheet 2000 x 1000  x 20 T","Wax Filled Nylon",1,1,659.4,,,,,,21,659.4,,,"Sheet","Each","Thickness","20 mm",1055.04,2000,1000,20,,"Sheet","Grey",,,,,,
2100098,"P25-WAx","Wax Filled Cast Nylon Sheet 2000 x 1000  x 25 T","Wax Filled Nylon",1,1,672.49,,,,,,21,672.49,,,"Sheet","Each","Thickness","25 mm",1075.98,2000,1000,25,,"Sheet","Grey",,,,,,
2100104,"P30-WAx","Wax Filled Cast Nylon Sheet 2000 x 1000  x 30 T","Wax Filled Nylon",1,1,806.98,,,,,,21,806.98,,,"Sheet","Each","Thickness","30 mm",1291.17,2000,1000,30,,"Sheet","Grey",,,,,,
2100110,"P40-WAx","Wax Filled Cast Nylon Sheet 2000 x 1000  x 40 T","Wax Filled Nylon",1,1,1075.98,,,,,,21,1075.98,,,"Sheet","Each","Thickness","40 mm",1721.57,2000,1000,40,,"Sheet","Grey",,,,,,
2100116,"P50-WAx","Wax Filled Cast Nylon Sheet 2000 x 1000  x 50 T","Wax Filled Nylon",1,1,1344.97,,,,,,21,1344.97,,,"Sheet","Each","Thickness","50 mm",2151.95,2000,1000,50,,"Sheet","Grey",,,,,,
2100293,"R100-WAx","Wax Filled Cast Nylon Rod 100 dia x 1000  L","Wax Filled Nylon",1,1,129.2,,,,,,21,129.2,,,"Rod","Each","dia","100 mm",232.56,1000,,,100,"Rod","Grey",,,,,,
2100334,"R40-WAx","Wax Filled Cast Nylon Rod 40 dia x 1000 ","Wax Filled Nylon",1,1,16.91,,,,,,21,16.91,,,"Rod","Each","dia","40 mm",32.13,1000,,,40,"Rod","Grey",,,,,,
2100340,"R50-WAx","Wax Filled Cast Nylon Rod 50 dia x 1000  L","Wax Filled Nylon",1,1,26.47,,,,,,21,26.47,,,"Rod","Each","dia","50 mm",50.29,1000,,,50,"Rod","Grey",,,,,,
2100346,"R60-WAx","Wax Filled Cast Nylon Rod 60 dia x 1000  L","Wax Filled Nylon",1,1,38.01,,,,,,21,38.01,,,"Rod","Each","dia","60 mm",72.22,1000,,,60,"Rod","Grey",,,,,,
2100352,"R70-WAx","Wax Filled Cast Nylon Rod 70 dia x 1000  L","Wax Filled Nylon",1,1,51.79,,,,,,21,51.79,,,"Rod","Each","dia","70 mm",98.4,1000,,,70,"Rod","Grey",,,,,,
2100357,"R80-WAx","Wax Filled Cast Nylon Rod 80 dia x 1000  L","Wax Filled Nylon",1,1,67.58,,,,,,21,67.58,,,"Rod","Each","dia","80 mm",128.4,1000,,,80,"Rod","Grey",,,,,,
2100363,"R90-WAx","Wax Filled Cast Nylon Rod 90 dia x 1000  L","Wax Filled Nylon",1,1,85.52,,,,,,21,85.52,,,"Rod","Each","dia","90 mm",162.49,1000,,,90,"Rod","Grey",,,"Pre-order",,,
2100002,"HDPER-100-NAT","HDPE Natural Rod 100 dia x 1000  L","HDPE",1,1,42.9,,,,,,21,42.9,,,"Rod","Each","dia","100 mm",81.51,1000,,,100,"Rod","White",,,,,,
2100005,"HDPER-130-NAT","HDPE Natural Rod 130 dia x 1000  L","HDPE",1,1,72.1,,,,,,21,72.1,,,"Rod","Each","dia","130 mm",136.99,1000,,,130,"Rod","White",,,,,,
2100007,"HDPER-150-NAT","HDPE Natural Rod 150 dia x 1000  L","HDPE",1,1,96.4,,,,,,21,96.4,,,"Rod","Each","dia","150 mm",183.16,1000,,,150,"Rod","White",,,,,,
2100009,"HDPER-180-NAT","HDPE Natural Rod 180 dia x 1000  L","HDPE",1,1,170.4,,,,,,21,170.4,,,"Rod","Each","dia","180 mm",306.72,1000,,,180,"Rod","White",,,,,,
2100011,"HDPER-20-NAT","HDPE Natural Rod 20 dia x 1000  L","HDPE",1,1,1.7,,,,,,21,1.7,,,"Rod","Each","dia","20 mm",3.23,1000,,,20,"Rod","White",,,,,,
2100013,"HDPER-200-NAT","HDPE Natural Rod 200 dia x 1000  L","HDPE",1,1,210.2,,,,,,21,210.2,,,"Rod","Each","dia","200 mm",378.36,1000,,,200,"Rod","White",,,,,,
2100015,"HDPER-25-NAT","HDPE Natural Rod 25 dia x 1000  L","HDPE",1,1,3,,,,,,21,3,,,"Rod","Each","dia","25 mm",5.7,1000,,,25,"Rod","White",,,,,,
2100017,"HDPER-250-NAT","HDPE Natural Rod 250 dia x 1000  L","HDPE",1,1,359.2,,,,,,21,359.2,,,"Rod","Each","dia","250 mm",574.72,1000,,,250,"Rod","White",,,,,,
2100019,"HDPER-30-NAT","HDPE Natural Rod 30 dia x 1000  L","HDPE",1,1,4,,,,,,21,4,,,"Rod","Each","dia","30 mm",7.6,1000,,,30,"Rod","White",,,,,,
2100021,"HDPER-300-NAT","HDPE Natural Rod 300 dia x 1000  L","HDPE",1,1,517,,,,,,21,517,,,"Rod","Each","dia","300 mm",827.2,1000,,,300,"Rod","White",,,,,,
2100024,"HDPER-40-NAT","HDPE Natural Rod 40 dia x 1000  L","HDPE",1,1,6.9,,,,,,21,6.9,,,"Rod","Each","dia","40 mm",13.11,1000,,,40,"Rod","White",,,"Pre-order",,,
2100026,"HDPER-50-NAT","HDPE Natural Rod 50 dia x 1000  L","HDPE",1,1,10.8,,,,,,21,10.8,,,"Rod","Each","dia","50 mm",20.52,1000,,,50,"Rod","White",,,,,,
2100028,"HDPER-60-NAT","HDPE Natural Rod 60 dia x 1000  L","HDPE",1,1,15.6,,,,,,21,15.6,,,"Rod","Each","dia","60 mm",29.64,1000,,,60,"Rod","White",,,"Pre-order",,,
2100030,"HDPER-70-NAT","HDPE Natural Rod 70 dia x 1000  L","HDPE",1,1,20.5,,,,,,21,20.5,,,"Rod","Each","dia","70 mm",38.95,1000,,,70,"Rod","White",,,,,,
2100032,"HDPER-80-NAT","HDPE Natural Rod 80 dia x 1000  L","HDPE",1,1,27.3,,,,,,21,27.3,,,"Rod","Each","dia","80 mm",51.87,1000,,,80,"Rod","White",,,,,,
2100034,"HDPER-90-NAT","HDPE Natural Rod 90 dia x 1000  L","HDPE",1,1,34.1,,,,,,21,34.1,,,"Rod","Each","dia","90 mm",64.79,1000,,,90,"Rod","White",,,,,,
2100036,"HDPES-10-NAT","HDPE Natural Sheet 2440 x 1220  x 10 T","HDPE",1,1,151.8,,,,,,21,151.8,,,"Sheet","Each","Thickness","10 mm",273.24,2440,1220,10,,"Sheet","White",,,,,,
2100038,"HDPES-100-NAT","HDPE Natural Sheet 2440 x 1220  x 100 T","HDPE",1,1,1556.5,,,,,,21,1556.5,,,"Sheet","Each","Thickness","100 mm",2179.1,2440,1220,100,,"Sheet","White",,,,,,
2100040,"HDPES-12-NAT","HDPE Natural Sheet 2440 x 1220  x 12 T","HDPE",1,1,186.9,,,,,,21,186.9,,,"Sheet","Each","Thickness","12 mm",336.42,2440,1220,12,,"Sheet","White",,,,,,
2100042,"HDPES-15-NAT","HDPE Natural Sheet 2440 x 1220  x 15 T","HDPE",1,1,233.7,,,,,,21,233.7,,,"Sheet","Each","Thickness","15 mm",420.66,2440,1220,15,,"Sheet","White",,,,,,
2100044,"HDPES-20-NAT","HDPE Natural Sheet 2440 x 1220  x 20 T","HDPE",1,1,311.6,,,,,,21,311.6,,,"Sheet","Each","Thickness","20 mm",498.56,2440,1220,20,,"Sheet","White",,,,,,
2100046,"HDPES-25-NAT","HDPE Natural Sheet 2440 x 1220  x 25 T","HDPE",1,1,389.3,,,,,,21,389.3,,,"Sheet","Each","Thickness","25 mm",622.88,2440,1220,25,,"Sheet","White",,,,,,
2100048,"HDPES-30-NAT","HDPE Natural Sheet 2440 x 1220  x 30 T","HDPE",1,1,467.3,,,,,,21,467.3,,,"Sheet","Each","Thickness","30 mm",747.68,2440,1220,30,,"Sheet","White",,,,,,
2100050,"HDPES-40-NAT","HDPE Natural Sheet 2440 x 1220  x 40 T","HDPE",1,1,623.1,,,,,,21,623.1,,,"Sheet","Each","Thickness","40 mm",996.96,2440,1220,40,,"Sheet","White",,,,,,
2100052,"HDPES-50-NAT","HDPE Natural Sheet 2440 x 1220  x 50 T","HDPE",1,1,778.7,,,,,,21,778.7,,,"Sheet","Each","Thickness","50 mm",1245.92,2440,1220,50,,"Sheet","White",,,,,,
2100054,"HDPES-60-NAT","HDPE Natural Sheet 2440 x 1220  x 60 T","HDPE",1,1,934.5,,,,,,21,934.5,,,"Sheet","Each","Thickness","60 mm",1495.2,2440,1220,60,,"Sheet","White",,,,,,
2100056,"HDPES-70-NAT","HDPE Natural Sheet 2440 x 1220  x 70 T","HDPE",1,1,1089.2,,,,,,21,1089.2,,,"Sheet","Each","Thickness","70 mm",1742.72,2440,1220,70,,"Sheet","White",,,,,,
2100058,"HDPES-80-NAT","HDPE Natural Sheet 2440 x 1220  x 80 T","HDPE",1,1,1245,,,,,,21,1245,,,"Sheet","Each","Thickness","80 mm",1992,2440,1220,80,,"Sheet","White",,,"Pre-order",,,
2100155,"PETR-100","PET Natural Rod 100 dia x 1000 ","PET",1,1,161.2,,,,,,21,161.2,,,"Rod","Each","dia","100 mm",290.16,1000,,,100,"Rod","White",,,"Pre-order",,,
2100156,"PETR-110","PET Natural Rod 110 dia x 1000 ","PET",1,1,177.32,,,,,,21,177.32,,,"Rod","Each","dia","110 mm",319.18,1000,,,110,"Rod","White",,,"Pre-order",,,
2100157,"PETR-130","PET Natural Rod 130 dia x 1000 ","PET",1,1,271.5,,,,,,21,271.5,,,"Rod","Each","dia","130 mm",488.7,1000,,,130,"Rod","White",,,"Pre-order",,,
2100158,"PETR-150","PET Natural Rod 150 dia x 1000 ","PET",1,1,361.3,,,,,,21,361.3,,,"Rod","Each","dia","150 mm",578.08,1000,,,150,"Rod","White",,,"Pre-order",,,
2100159,"PETR-16","PET Natural Rod 16 dia x 1000 ","PET",1,1,4.4,,,,,,21,4.4,,,"Rod","Each","dia","16 mm",8.36,1000,,,16,"Rod","White",,,"Pre-order",,,
2100160,"PETR-180","PET Natural Rod 180 dia x 1000 ","PET",1,1,521.3,,,,,,21,521.3,,,"Rod","Each","dia","180 mm",834.08,1000,,,180,"Rod","White",,,"Pre-order",,,
2100161,"PETR-20","PET Natural Rod 20 dia x 1000 ","PET",1,1,6.5,,,,,,21,6.5,,,"Rod","Each","dia","20 mm",12.35,1000,,,20,"Rod","White",,,"Pre-order",,,
2100162,"PETR-200","PET Natural Rod 200 dia x 1000 ","PET",1,1,643.5,,,,,,21,643.5,,,"Rod","Each","dia","200 mm",1029.6,1000,,,200,"Rod","White",,,"Pre-order",,,
2100163,"PETR-25","PET Natural Rod 25 dia x 1000 ","PET",1,1,9.8,,,,,,21,9.8,,,"Rod","Each","dia","25 mm",18.62,1000,,,25,"Rod","White",,,"Pre-order",,,
2100164,"PETR-30","PET Natural Rod 30 dia x 1000 ","PET",1,1,16.45,,,,,,21,16.45,,,"Rod","Each","dia","30 mm",31.26,1000,,,30,"Rod","White",,,,,,
2100165,"PETR-35","PET Natural Rod 35 dia x 1000 ","PET",1,1,14.1,,,,,,21,14.1,,,"Rod","Each","dia","35 mm",26.79,1000,,,35,"Rod","White",,,,,,
2100166,"PETR-40","PET Natural Rod 40 dia x 1000 ","PET",1,1,26,,,,,,21,26,,,"Rod","Each","dia","40 mm",49.4,1000,,,40,"Rod","White",,,,,,
2100167,"PETR-45","PET Natural Rod 45 dia x 1000 ","PET",1,1,29.25,,,,,,21,29.25,,,"Rod","Each","dia","45 mm",55.58,1000,,,45,"Rod","White",,,,,,
2100168,"PETR-50","PET Natural Rod 50 dia x 1000 ","PET",1,1,40.1,,,,,,21,40.1,,,"Rod","Each","dia","50 mm",76.19,1000,,,50,"Rod","White",,,,,,
2100169,"PETR-60","PET Natural Rod 60 dia x 1000 ","PET",1,1,57.3,,,,,,21,57.3,,,"Rod","Each","dia","60 mm",108.87,1000,,,60,"Rod","White",,,"Pre-order",,,
2100170,"PETR-65","PET Natural Rod 65 dia x 1000 ","PET",1,1,62.08,,,,,,21,62.08,,,"Rod","Each","dia","65 mm",117.95,1000,,,65,"Rod","White",,,,,,
2100171,"PETR-70","PET Natural Rod 70 dia x 1000 ","PET",1,1,79,,,,,,21,79,,,"Rod","Each","dia","70 mm",150.1,1000,,,70,"Rod","White",,,,,,
2100172,"PETR-75","PET Natural Rod 75 dia x 1000 ","PET",1,1,84.65,,,,,,21,84.65,,,"Rod","Each","dia","75 mm",160.84,1000,,,75,"Rod","White",,,,,,
2100173,"PETR-80","PET Natural Rod 80 dia x 1000 ","PET",1,1,102.8,,,,,,21,102.8,,,"Rod","Each","dia","80 mm",185.04,1000,,,80,"Rod","White",,,"Pre-order",,,
2100174,"PETR-85","PET Natural Rod 85 dia x 1000 ","PET",1,1,109.23,,,,,,21,109.23,,,"Rod","Each","dia","85 mm",196.61,1000,,,85,"Rod","White",,,"Pre-order",,,
2100175,"PETR-90","PET Natural Rod 90 dia x 1000 ","PET",1,1,129.9,,,,,,21,129.9,,,"Rod","Each","dia","90 mm",233.82,1000,,,90,"Rod","White",,,"Pre-order",,,
2100176,"PETS-06","PET Natural Sheet 2000 x 1000  x 6 T","PET",1,1,244.6,,,,,,21,244.6,,,"Sheet","Each","Thickness","6 mm",440.28,2000,1000,6,,"Sheet","White",,,,,,
2100177,"PETS-10","PET Natural Sheet 2000 x 610  x 10 T","PET",1,1,249.9,,,,,,21,249.9,,,"Sheet","Each","Thickness","10 mm",449.82,2000,610,10,,"Sheet","White",,,,,,
2100178,"PETS-100","PET Natural Sheet 2000 x 610  x 100 T","PET",1,1,2498.4,,,,,,21,2498.4,,,"Sheet","Each","Thickness","10 mm",3497.76,2000,610,10,,"Sheet","White",,,"Pre-order",,,
2100179,"PETS-12","PET Natural Sheet 2000 x 610  x 12 T","PET",1,1,299.7,,,,,,21,299.7,,,"Sheet","Each","Thickness","12 mm",539.46,2000,610,12,,"Sheet","White",,,,,,
2100180,"PETS-16","PET Natural Sheet 2000 x 610  x 16 T","PET",1,1,400.3,,,,,,21,400.3,,,"Sheet","Each","Thickness","16 mm",640.48,2000,610,16,,"Sheet","White",,,"Pre-order",,,
2100181,"PETS-20","PET Natural Sheet 2000 x 610  x 20 T","PET",1,1,499.7,,,,,,21,499.7,,,"Sheet","Each","Thickness","20 mm",799.52,2000,610,20,,"Sheet","White",,,,,,
2100182,"PETS-25","PET Natural Sheet 2000 x 610  x 25 T","PET",1,1,624.1,,,,,,21,624.1,,,"Sheet","Each","Thickness","25 mm",998.56,2000,610,25,,"Sheet","White",,,"Pre-order",,,
2100183,"PETS-30","PET Natural Sheet 2000 x 610  x 30 T","PET",1,1,749.5,,,,,,21,749.5,,,"Sheet","Each","Thickness","30 mm",1199.2,2000,610,30,,"Sheet","White",,,"Pre-order",,,
2100184,"PETS-40","PET Natural Sheet 2000 x 610  x 40 T","PET",1,1,999.4,,,,,,21,999.4,,,"Sheet","Each","Thickness","40 mm",1599.04,2000,610,40,,"Sheet","White",,,"Pre-order",,,
2100185,"PETS-50","PET Natural Sheet 2000 x 610  x 50 T","PET",1,1,1249.2,,,,,,21,1249.2,,,"Sheet","Each","Thickness","50 mm",1998.72,2000,610,50,,"Sheet","White",,,"Pre-order",,,
2100186,"PETS-60","PET Natural Sheet 2000 x 610  x 60 T","PET",1,1,1499,,,,,,21,1499,,,"Sheet","Each","Thickness","60 mm",2398.4,2000,610,60,,"Sheet","White",,,"Pre-order",,,
2100187,"PETS-80","PET Natural Sheet 2000 x 610  x 80 T","PET",1,1,1998.7,,,,,,21,1998.7,,,"Sheet","Each","Thickness","80 mm",2798.18,2000,610,80,,"Sheet","White",,,"Pre-order",,,
2100192,"POMR100-NAT","Acetal Pom C White Rod 100 dia x 1000  L","Acetal",1,1,97.3,,,,,,21,97.3,,,"Rod","Each","dia","100 mm",184.87,1000,,,100,"Rod","White",,,,,,
2100197,"POMR125-NAT","Acetal Pom C White Rod 125 dia x 1000  L","Acetal",1,1,151.5,,,,,,21,151.5,,,"Rod","Each","dia","125 mm",272.7,1000,,,125,"Rod","White",,,,,,
2100199,"POMR130-NAT","Acetal Pom C White Rod 130 dia x 1000  L","Acetal",1,1,157.56,,,,,,21,157.56,,,"Rod","Each","dia","130 mm",283.61,1000,,,130,"Rod","White",,,,,,
2100203,"POMR150-NAT","Acetal Pom C White Rod 150 dia x 1000  L","Acetal",1,1,218.5,,,,,,21,218.5,,,"Rod","Each","dia","150 mm",393.3,1000,,,150,"Rod","White",,,"Pre-order",,,
2100206,"POMR180-NAT","Acetal Pom C White Rod 180 dia x 1000  L","Acetal",1,1,314.8,,,,,,21,314.8,,,"Rod","Each","dia","180 mm",503.68,1000,,,180,"Rod","White",,,,,,
2100210,"POMR200-NAT","Acetal Pom C White Rod 200 dia x 1000  L","Acetal",1,1,389.3,,,,,,21,389.3,,,"Rod","Each","dia","200 mm",622.88,1000,,,200,"Rod","White",,,"Pre-order",,,
2100212,"POMR25-NAT","Acetal Pom C White Rod 25 dia x 1000  L","Acetal",1,1,6.5,,,,,,21,6.5,,,"Rod","Each","dia","25 mm",12.35,1000,,,25,"Rod","White",,,,,,
2100214,"POMR250-NAT","Acetal Pom C White Rod 250 dia x 1000  L","Acetal",1,1,724.6,,,,,,21,724.6,,,"Rod","Each","dia","250 mm",1159.36,1000,,,250,"Rod","White",,,"Pre-order",,,
2100216,"POMR30-NAT","Acetal Pom C White Rod 30 dia x 1000  L","Acetal",1,1,8.7,,,,,,21,8.7,,,"Rod","Each","dia","30 mm",16.53,1000,,,30,"Rod","White",,,,,,
2100218,"POMR300-NAT","Acetal Pom C White Rod 300 dia x 1000  L","Acetal",1,1,1043.7,,,,,,21,1043.7,,,"Rod","Each","dia","300 mm",1669.92,1000,,,300,"Rod","White",,,,,,
2100220,"POMR35-NAT","Acetal Pom C White Rod 35 dia x 1000  L","Acetal",1,1,10.15,,,,,,21,10.15,,,"Rod","Each","dia","35 mm",19.29,1000,,,35,"Rod","White",,,,,,
2100222,"POMR40-NAT","Acetal Pom C White Rod 40 dia x 1000  L","Acetal",1,1,15.2,,,,,,21,15.2,,,"Rod","Each","dia","40 mm",28.88,1000,,,40,"Rod","White",,,,,,
2100224,"POMR45-NAT","Acetal Pom C White Rod 45 dia x 1000  L","Acetal",1,1,20.2,,,,,,21,20.2,,,"Rod","Each","dia","45 mm",38.38,1000,,,45,"Rod","White",,,,,,
2100226,"POMR50-NAT","Acetal Pom C White Rod 50 dia x 1000  L","Acetal",1,1,23.8,,,,,,21,23.8,,,"Rod","Each","dia","50 mm",45.22,1000,,,50,"Rod","White",,,,,,
2100228,"POMR55-NAT","Acetal Pom C White Rod 55 dia x 1000  L","Acetal",1,1,30.1,,,,,,21,30.1,,,"Rod","Each","dia","55 mm",57.19,1000,,,55,"Rod","White",,,,,,
2100230,"POMR60-NAT","Acetal Pom C White Rod 60 dia x 1000  L","Acetal",1,1,34.7,,,,,,21,34.7,,,"Rod","Each","dia","60 mm",65.93,1000,,,60,"Rod","White",,,,,,
2100231,"POMR65-NAT","Acetal Pom C White Rod 65 dia x 1000  L","Acetal",1,1,42.1,,,,,,21,42.1,,,"Rod","Each","dia","65 mm",79.99,1000,,,65,"Rod","White",,,"Pre-order",,,
2100233,"POMR70-NAT","Acetal Pom C White Rod 70 dia x 1000  L","Acetal",1,1,47.7,,,,,,21,47.7,,,"Rod","Each","dia","70 mm",90.63,1000,,,70,"Rod","White",,,"Pre-order",,,
2100235,"POMR80-NAT","Acetal Pom C White Rod 80 dia x 1000  L","Acetal",1,1,61.7,,,,,,21,61.7,,,"Rod","Each","dia","80 mm",117.23,1000,,,80,"Rod","White",,,,,,
2100237,"POMR90-NAT","Acetal Pom C White Rod 90 dia x 1000  L","Acetal",1,1,79,,,,,,21,79,,,"Rod","Each","dia","90 mm",150.1,1000,,,90,"Rod","White",,,,,,
2100238,"POMS06-NAT","Acetal Pom C White Sheet 2000 x 1000  x 6 T","Acetal",1,1,160.6,,,,,,21,160.6,,,"Sheet","Each","Thickness","6 mm",289.08,2000,1000,6,,"Sheet","White",,,"Pre-order",,,
2100240,"POMS08-NAT","Acetal Pom C White Sheet 2000 x 1000  x 8 T","Acetal",1,1,197.9,,,,,,21,197.9,,,"Sheet","Each","Thickness","8 mm",356.22,2000,1000,8,,"Sheet","White",,,"Pre-order",,,
2100242,"POMS10-NAT","Acetal Pom C White Sheet 2000 x 1000  x 10 T","Acetal",1,1,247.7,,,,,,21,247.7,,,"Sheet","Each","Thickness","10 mm",445.86,2000,1000,10,,"Sheet","White",,,,,,
2100244,"POMS100-NAT","Acetal Pom C White Sheet 2000 x 1000  x 100 T","Acetal",1,1,2473.5,,,,,,21,2473.5,,,"Sheet","Each","Thickness","100 mm",3462.9,2000,1000,100,,"Sheet","White",,,2,,,
2100246,"POMS12-NAT","Acetal Pom C White Sheet 2000 x 1000  x 12 T","Acetal",1,1,296.4,,,,,,21,296.4,,,"Sheet","Each","Thickness","12 mm",533.52,2000,1000,12,,"Sheet","White",,,"Pre-order",,,
2100248,"POMS15-NAT","Acetal Pom C White Sheet 2000 x 1000  x 15 T","Acetal",1,1,371,,,,,,21,371,,,"Sheet","Each","Thickness","15 mm",593.6,2000,1000,15,,"Sheet","White",,,2,,,
2100250,"POMS20-NAT","Acetal Pom C White Sheet 2000 x 1000  x 20 T","Acetal",1,1,494.3,,,,,,21,494.3,,,"Sheet","Each","Thickness","20 mm",790.88,2000,1000,20,,"Sheet","White",,,15,,,
2100252,"POMS25-NAT","Acetal Pom C White Sheet 2000 x 1000  x 25 T","Acetal",1,1,618.7,,,,,,21,618.7,,,"Sheet","Each","Thickness","25 mm",989.92,2000,1000,25,,"Sheet","White",,,2,,,
2100254,"POMS30-NAT","Acetal Pom C White Sheet 2000 x 1000  x 30 T","Acetal",1,1,741.9,,,,,,21,741.9,,,"Sheet","Each","Thickness","30 mm",1187.04,2000,1000,30,,"Sheet","White",,,3,,,
2100257,"POMS40-NAT","Acetal Pom C White Sheet 2000 x 1000  x 40 T","Acetal",1,1,989.6,,,,,,21,989.6,,,"Sheet","Each","Thickness","40 mm",1583.36,2000,1000,40,,"Sheet","White",,,3,,,
2100260,"POMS50-NAT","Acetal Pom C White Sheet 2000 x 1000  x 50 T","Acetal",1,1,1237.3,,,,,,21,1237.3,,,"Sheet","Each","Thickness","50 mm",1979.68,2000,1000,50,,"Sheet","White",,,2,,,
2100262,"POMS60-NAT","Acetal Pom C White Sheet 2000 x 1000  x 60 T","Acetal",1,1,1483.9,,,,,,21,1483.9,,,"Sheet","Each","Thickness","60 mm",2374.24,2000,1000,60,,"Sheet","White",,,2,,,
2100264,"POMS70-NAT","Acetal Pom C White Sheet 2000 x 1000  x 70 T","Acetal",1,1,1731.6,,,,,,21,1731.6,,,"Sheet","Each","Thickness","70 mm",2424.24,2000,1000,70,,"Sheet","White",,,3,,,
2100266,"POMS80-NAT","Acetal Pom C White Sheet 2000 x 1000  x 80 T","Acetal",1,1,1979.1,,,,,,21,1979.1,,,"Sheet","Each","Thickness","80 mm",2770.74,2000,1000,80,,"Sheet","White",,,3,,,
2100268,"POMS90-NAT","Acetal Pom C White Sheet 2000 x 1000  x 90 T","Acetal",1,1,2226.8,,,,,,21,2226.8,,,"Sheet","Each","Thickness","90 mm",3117.52,2000,1000,90,,"Sheet","White",,,4,,,
2100269,"POMS90-NAT-1","Acetal Pom C White Sheet 1000 x 1000  x 90 T","Acetal",1,1,1113.4,,,,,,21,1113.4,,,"Sheet","Each","Thickness","90 mm",1781.44,1000,1000,90,,"Sheet","White",,,,,,
2100270,"PTFE-VR-100","PTFE Virgin Rod 100 dia x 1000  L","PTFE",1,1,378.4,,,,,,21,378.4,,,"Rod","Each","dia","100 mm",605.44,1000,,,100,"Rod","White",,,"Pre-order",,,
2100271,"PTFE-VR-20","PTFE Virgin Rod 20 dia x 1000  L","PTFE",1,1,13.78,,,,,,21,13.78,,,"Rod","Each","dia","20 mm",26.18,1000,,,20,"Rod","White",,,,,,
2100272,"PTFE-VR-25","PTFE Virgin Rod 25 dia x 1000  L","PTFE",1,1,23.9,,,,,,21,23.9,,,"Rod","Each","dia","25 mm",45.41,1000,,,25,"Rod","White",,,,,,
2100273,"PTFE-VR-30","PTFE Virgin Rod 30 dia x 1000  L","PTFE",1,1,34.5,,,,,,21,34.5,,,"Rod","Each","dia","30 mm",65.55,1000,,,30,"Rod","White",,,"Pre-order",,,
2100274,"PTFE-VR-40","PTFE Virgin Rod 40 dia x 1000  L","PTFE",1,1,60.7,,,,,,21,60.7,,,"Rod","Each","dia","40 mm",115.33,1000,,,40,"Rod","White",,,"Pre-order",,,
2100275,"PTFE-VR-50","PTFE Virgin Rod 50 dia x 1000  L","PTFE",1,1,95.3,,,,,,21,95.3,,,"Rod","Each","dia","50 mm",181.07,1000,,,50,"Rod","White",,,,,,
2100276,"PTFE-VR-60","PTFE Virgin Rod 60 dia x 1000  L","PTFE",1,1,136.8,,,,,,21,136.8,,,"Rod","Each","dia","60 mm",246.24,1000,,,60,"Rod","White",,,,,,
2100277,"PTFE-VR-70","PTFE Virgin Rod 70 dia x 1000  L","PTFE",1,1,185.6,,,,,,21,185.6,,,"Rod","Each","dia","70 mm",334.08,1000,,,70,"Rod","White",,,"Pre-order",,,
2100278,"PTFE-VR-80","PTFE Virgin Rod 80 dia x 1000  L","PTFE",1,1,242.8,,,,,,21,242.8,,,"Rod","Each","dia","80 mm",437.04,1000,,,80,"Rod","White",,,,,,
2100279,"PTFE-VR-90","PTFE Virgin Rod 90 dia x 1000  L","PTFE",1,1,307,,,,,,21,307,,,"Rod","Each","dia","90 mm",491.2,1000,,,90,"Rod","White",,,,,,
2100280,"PTFE-VS-01","PTFE Virgin Sheet 1000  x 1000  x 1 T","PTFE",1,1,48.1,,,,,,21,48.1,,,"Sheet","Each","Thickness","1 mm",91.39,1000,1000,1,,"Sheet","White",,,,,,
2100281,"PTFE-VS-03","PTFE Virgin Sheet 1000  x 1000  x 3 T","PTFE",1,1,151.1,,,,,,21,151.1,,,"Sheet","Each","Thickness","3 mm",271.98,1000,1000,3,,"Sheet","White",,,,,,
2100282,"PTFE-VS-06","PTFE Virgin Sheet 1000  x 1000  x 6 T","PTFE",1,1,302.3,,,,,,21,302.3,,,"Sheet","Each","Thickness","6 mm",544.14,1000,1000,6,,"Sheet","White",,,,,,
2100283,"PTFE-VS-10","PTFE Virgin Sheet 1000  x 1000  x 10 T","PTFE",1,1,503.3,,,,,,21,503.3,,,"Sheet","Each","Thickness","10 mm",805.28,1000,1000,10,,"Sheet","White",,,,,,
2100284,"PTFE-VS-12","PTFE Virgin Sheet 1000  x 1000  x 12 T","PTFE",1,1,604.5,,,,,,21,604.5,,,"Sheet","Each","Thickness","12 mm",967.2,1000,1000,12,,"Sheet","White",,,,,,
2100285,"PTFE-VS-15","PTFE Virgin Sheet 1000  x 1000  x 15 T","PTFE",1,1,755.5,,,,,,21,755.5,,,"Sheet","Each","Thickness","15 mm",1208.8,1000,1000,15,,"Sheet","White",,,,,,
2100286,"PTFE-VS-20","PTFE Virgin Sheet 1000  x 1000  x 20 T","PTFE",1,1,1007.7,,,,,,21,1007.7,,,"Sheet","Each","Thickness","20 mm",1612.32,1000,1000,20,,"Sheet","White",,,,,,
2100287,"PTFE-VS-25","PTFE Virgin Sheet 1000  x 1000  x 25 T","PTFE",1,1,1258.7,,,,,,21,1258.7,,,"Sheet","Each","Thickness","25 mm",2013.92,1000,1000,25,,"Sheet","White",,,,,,
2100288,"PTFE-VS-30","PTFE Virgin Sheet 1000  x 1000  x 30 T","PTFE",1,1,1511,,,,,,21,1511,,,"Rod","Each","Thickness","30 mm",2115.4,1000,1000,30,,"Sheet","White",,,,,,
2100364,"UH05-NAT-3x1.2","UHMWPE White Sheet 3000 x 1200  x 5 T","UHMWPE",1,1,301,,,,,,21,301,,,"Sheet","Each","Thickness","5 mm",541.8,3000,1200,5,,"Sheet","White",,,,,,
2100366,"UH06-NAT","UHMWPE White Sheet 2000 x 1000  x 6 T","UHMWPE",1,1,164.9,,,,,,21,164.9,,,"Sheet","Each","Thickness","6 mm",296.82,2000,1000,6,,"Sheet","White",,,,,,
2100367,"UH06-NAT-3","UHMWPE White Sheet 3000 x 1000  x 6 T","UHMWPE",1,1,247.5,,,,,,21,247.5,,,"Sheet","Each","Thickness","6 mm",445.5,3000,1000,6,,"Sheet","White",,,"Pre-order",,,
2100368,"UH06-NAT-3x1.2","UHMWPE White Sheet 3050 x 1220  x 6 T","UHMWPE",1,1,301,,,,,,21,301,,,"Sheet","Each","Thickness","6 mm",541.8,3050,1220,6,,"Sheet","White",,,,,,
2100373,"UH08-NAT","UHMWPE White Sheet 2000 x 1000  x 8 T","UHMWPE",1,1,165.5,,,,,,21,165.5,,,"Sheet","Each","Thickness","8 mm",297.9,2000,1000,8,,"Sheet","White",,,,,,
2100374,"UH08-NAT-3","UHMWPE White Sheet 3000 x 1000  x 8 T","UHMWPE",1,1,248.2,,,,,,21,248.2,,,"Sheet","Each","Thickness","8 mm",446.76,3000,1000,8,,"Sheet","White",,,,,,
2100375,"UH08-NAT-3x1.2","UHMWPE White Sheet 3050 x 1220  x 8 T","UHMWPE",1,1,352,,,,,,21,352,,,"Sheet","Each","Thickness","8 mm",563.2,3050,1220,8,,"Sheet","White",,,,,,
2100382,"UH10-NAT","UHMWPE White Sheet 2000 x 1000  x 10 T","UHMWPE",1,1,165.5,,,,,,21,165.5,,,"Sheet","Each","Thickness","10 mm",297.9,2000,1000,10,,"Sheet","White",,,,,,
2100383,"UH10-NAT-3","UHMWPE White Sheet 3000 x 1000  x 10 T","UHMWPE",1,1,248.2,,,,,,21,248.2,,,"Sheet","Each","Thickness","10 mm",446.76,3000,1000,10,,"Sheet","White",,,,,,
2100384,"UH10-NAT-3x1.2","UHMWPE White Sheet 3050 x 1220  x 10 T","UHMWPE",1,1,430,,,,,,21,430,,,"Sheet","Each","Thickness","10 mm",731,3050,1220,10,,"Sheet","White",,,,,,
2100388,"UH100-NAT","UHMWPE White Sheet 2000 x 1000  x 100 T","UHMWPE",1,1,1793.2,,,,,,21,1793.2,,,"Sheet","Each","Thickness","100 mm",2510.48,2000,1000,100,,"Sheet","White",,,,,,
2100394,"UH12-NAT","UHMWPE White Sheet 2000 x 1000  x 12 T","UHMWPE",1,1,225,,,,,,21,225,,,"Sheet","Each","Thickness","12 mm",405,2000,1000,12,,"Sheet","White",,,,,,
2100395,"UH12-NAT-3","UHMWPE White Sheet 3000 x 1000  x 12 T","UHMWPE",1,1,337.5,,,,,,21,337.5,,,"Sheet","Each","Thickness","12 mm",540,3000,1000,12,,"Sheet","White",,,,,,
2100396,"UH12-NAT-3x1.2","UHMWPE White Sheet 3050 x 1220  x 12 T","UHMWPE",1,1,506,,,,,,21,506,,,"Sheet","Each","Thickness","12 mm",809.6,3050,1220,12,,"Sheet","White",,,,,,
2100404,"UH15-NAT","UHMWPE White Sheet 2000 x 1000  x 15 T","UHMWPE",1,1,275.8,,,,,,21,275.8,,,"Sheet","Each","Thickness","15 mm",496.44,2000,1000,15,,"Sheet","White",,,,,,
2100405,"UH15-NAT-3","UHMWPE White Sheet 3000 x 1000  x 15 T","UHMWPE",1,1,413.8,,,,,,21,413.8,,,"Sheet","Each","Thickness","15 mm",662.08,3000,1000,15,,"Sheet","White",,,,,,
2100406,"UH15-NAT-3x1.2","UHMWPE White Sheet 3050 x 1220  x 15 T","UHMWPE",1,1,612,,,,,,21,612,,,"Sheet","Each","Thickness","15 mm",979.2,3050,1220,15,,"Sheet","White",,,,,,
2100414,"UH20-NAT","UHMWPE White Sheet 2000 x 1000  x 20 T","UHMWPE",1,1,342.9,,,,,,21,342.9,,,"Sheet","Each","Thickness","20 mm",548.64,2000,1000,20,,"Sheet","White",,,,,,
2100415,"UH20-NAT-3","UHMWPE White Sheet 3000 x 1000  x 20 T","UHMWPE",1,1,514.4,,,,,,21,514.4,,,"Sheet","Each","Thickness","20 mm",823.04,3000,1000,20,,"Sheet","White",,,"Pre-order",,,
2100416,"UH20-NAT-3x1.2","UHMWPE White Sheet 3050 x 1220  x 20 T","UHMWPE",1,1,772,,,,,,21,772,,,"Sheet","Each","Thickness","20 mm",1235.2,3050,1220,20,,"Sheet","White",,,"Pre-order",,,
2100424,"UH25-NAT","UHMWPE White Sheet 2000 x 1000  x 25 T","UHMWPE",1,1,413.2,,,,,,21,413.2,,,"Sheet","Each","Thickness","25 mm",661.12,2000,1000,25,,"Sheet","White",,,,,,
2100425,"UH25-NAT-3","UHMWPE White Sheet 3000 x 1000  x 25 T","UHMWPE",1,1,619.8,,,,,,21,619.8,,,"Sheet","Each","Thickness","25 mm",991.68,3000,1000,25,,"Sheet","White",,,,,,
2100426,"UH25-NAT-3x1.2","UHMWPE White Sheet 3050 x 1220  x 25 T","UHMWPE",1,1,932,,,,,,21,932,,,"Sheet","Each","Thickness","25 mm",1491.2,3050,1220,25,,"Sheet","White",,,,,,
2100434,"UH30-NAT","UHMWPE White Sheet 2000 x 1000  x 30 T","UHMWPE",1,1,483.5,,,,,,21,483.5,,,"Sheet","Each","Thickness","30 mm",773.6,2000,1000,30,,"Sheet","White",,,"Pre-order",,,
2100435,"UH30-NAT-3","UHMWPE White Sheet 3000 x 1000  x 30 T","UHMWPE",1,1,725.3,,,,,,21,725.3,,,"Sheet","Each","Thickness","30 mm",1160.48,3000,1000,30,,"Sheet","White",,,,,,
2100436,"UH30-NAT-3x1.2","UHMWPE Natural Sheet 3050 x 1220  x 30 T","UHMWPE",1,1,1094,,,,,,21,1094,,,"Sheet","Each","Thickness","30 mm",1750.4,3050,1220,30,,"Sheet","White",,,,,,
2100444,"UH40-NAT","UHMWPE White Sheet 2000 x 1000  x 40 T","UHMWPE",1,1,638.2,,,,,,21,638.2,,,"Sheet","Each","Thickness","40 mm",1021.12,2000,1000,40,,"Sheet","White",,,"Pre-order",,,
2100445,"UH40-NAT-3","UHMWPE White Sheet 3000 x 1000  x 40 T","UHMWPE",1,1,957.3,,,,,,21,957.3,,,"Sheet","Each","Thickness","40 mm",1531.68,3000,1000,40,,"Sheet","White",,,,,,
2100446,"UH40-NAT-3x1.2","UHMWPE White Sheet 3050 x 1220  x 40 T","UHMWPE",1,1,1438,,,,,,21,1438,,,"Sheet","Each","Thickness","40 mm",2300.8,3050,1220,40,,"Sheet","White",,,,,,
2100455,"UH50-NAT","UHMWPE White Sheet 2000 x 1000  x 50 T","UHMWPE",1,1,781.9,,,,,,21,781.9,,,"Sheet","Each","Thickness","40 mm",1251.04,2000,1000,40,,"Sheet","White",,,,,,
2100456,"UH50-NAT-3","UHMWPE White Sheet 3000 x 1000  x 50 T","UHMWPE",1,1,1172.9,,,,,,21,1172.9,,,"Sheet","Each","Thickness","50 mm",1876.64,3000,1000,50,,"Sheet","White",,,,,,
2100457,"UH50-NAT-3x1.2","UHMWPE White Sheet 3050 x 1220  x 50 T","UHMWPE",1,1,1763,,,,,,21,1763,,,"Sheet","Each","Thickness","50 mm",2468.2,3050,1220,50,,"Sheet","White",,,,,,
2100463,"UH60-NAT","UHMWPE White Sheet 2000 x 1000  x 60 T","UHMWPE",1,1,964.7,,,,,,21,964.7,,,"Sheet","Each","Thickness","60 mm",1543.52,2000,1000,60,,"Sheet","White",,,,,,
2100466,"UH70-NAT","UHMWPE White Sheet 2000 x 1000  x 70 T","UHMWPE",1,1,1146.4,,,,,,21,1146.4,,,"Sheet","Each","Thickness","70 mm",1834.24,2000,1000,70,,"Sheet","White",,,,,,
2100469,"UH80-NAT","UHMWPE White Sheet 2000 x 1000  x 80 T","UHMWPE",1,1,1350.8,,,,,,21,1350.8,,,"Sheet","Each","Thickness","80 mm",2161.28,2000,1000,80,,"Sheet","White",,,,,,
2100474,"UHMWR-100-NAT","UHMWPE White Rod 100 dia x 1000  L","UHMWPE",1,1,81.6,,,,,,21,81.6,,,"Rod","Each","dia","100 mm",155.04,1000,,,100,"Rod","White",,,,,,
2100477,"UHMWR-130-NAT","UHMWPE White Rod 130 dia x 1000  L","UHMWPE",1,1,138.2,,,,,,21,138.2,,,"Rod","Each","dia","130 mm",248.76,1000,,,130,"Rod","White",,,"Pre-order",,,
2100480,"UHMWR-150-NAT","UHMWPE White Rod 150 dia x 1000  L","UHMWPE",1,1,183,,,,,,21,183,,,"Rod","Each","dia","150 mm",329.4,1000,,,150,"Rod","White",,,,,,
2100481,"UHMWR-160-NAT","UHMWPE White Rod 160 dia x 1000  L","UHMWPE",1,1,219.7,,,,,,21,219.7,,,"Rod","Each","dia","160 mm",395.46,1000,,,160,"Rod","White",,,"Pre-order",,,
2100484,"UHMWR-180-NAT","UHMWPE White Rod 180 dia x 1000  L","UHMWPE",1,1,261.3,,,,,,21,261.3,,,"Rod","Each","dia","180 mm",470.34,1000,,,180,"Rod","White",,,"Pre-order",,,
2100486,"UHMWR-20-NAT","UHMWPE White Rod 20 dia x 1000  L","UHMWPE",1,1,3.5,,,,,,21,3.5,,,"Rod","Each","dia","20 mm",6.65,1000,,,20,"Rod","White",,,,,,
2100489,"UHMWR-200-NAT","UHMWPE White Rod 200 dia x 1000  L","UHMWPE",1,1,326.3,,,,,,21,326.3,,,"Rod","Each","dia","200 mm",522.08,1000,,,200,"Rod","White",,,,,,
2100491,"UHMWR-250-NAT","UHMWPE White Rod 250 dia x 1000  L","UHMWPE",1,1,1000,,,,,,21,1000,,,"Rod","Each","dia","250 mm",1600,1000,,,250,"Rod","White",,,,,,
2100493,"UHMWR-30-NAT","UHMWPE White Rod 30 dia x 1000  L","UHMWPE",1,1,7.8,,,,,,21,7.8,,,"Rod","Each","dia","30 mm",14.82,1000,,,30,"Rod","White",,,,,,
2100495,"UHMWR-300-NAT","UHMWPE White Rod 300 dia x 1000  L","UHMWPE",1,1,1568.9,,,,,,21,1568.9,,,"Rod","Each","dia","300 mm",2196.46,1000,,,300,"Rod","White",,,,,,
2100497,"UHMWR-40-NAT","UHMWPE White Rod 40 dia x 1000  L","UHMWPE",1,1,13.2,,,,,,21,13.2,,,"Rod","Each","dia","40 mm",25.08,1000,,,40,"Rod","White",,,"Pre-order",,,
2100500,"UHMWR-50-NAT","UHMWPE White Rod 50 dia x 1000  L","UHMWPE",1,1,19.8,,,,,,21,19.8,,,"Rod","Each","dia","50 mm",37.62,1000,,,50,"Rod","White",,,,,,
2100503,"UHMWR-60-NAT","UHMWPE White Rod 60 dia x 1000  L","UHMWPE",1,1,29.8,,,,,,21,29.8,,,"Rod","Each","dia","60 mm",56.62,1000,,,60,"Rod","White",,,,,,
2100506,"UHMWR-70-NAT","UHMWPE White Rod 70 dia x 1000  L","UHMWPE",1,1,39.7,,,,,,21,39.7,,,"Rod","Each","dia","70 mm",75.43,1000,,,70,"Rod","White",,,,,,
2100509,"UHMWR-80-NAT","UHMWPE White Rod 80 dia x 1000  L","UHMWPE",1,1,51.9,,,,,,21,51.9,,,"Rod","Each","dia","80 mm",98.61,1000,,,80,"Rod","White",,,,,,
2100512,"UHMWR-90-NAT","UHMWPE White Rod 90 dia x 1000  L","UHMWPE",1,1,66.2,,,,,,21,66.2,,,"Rod","Each","dia","90 mm",125.78,1000,,,90,"Rod","White",,,,,,
2100064,"P08-OIL","Oil Filled Cast Nylon Sheet 2000 x 1000  x 8 T","Oil Filled Nylon",1,1,215.2,,,,,,21,215.2,,,"Sheet","Each","Thickness","8 mm",387.36,2000,1000,8,,"Sheet","Yellow",,,"Pre-order",,,
2100069,"P10-OIL","Oil Filled Cast Nylon Sheet 2000 x 1000  x 10 T","Oil Filled Nylon",1,1,268.99,,,,,,21,268.99,,,"Sheet","Each","Thickness","10 mm",484.18,2000,1000,10,,"Sheet","Yellow",,,,,,
2100079,"P12-OIL","Oil Filled Cast Nylon Sheet 2000 x 1000  x 12 T","Oil Filled Nylon",1,1,322.79,,,,,,21,322.79,,,"Sheet","Each","Thickness","12 mm",516.46,2000,1000,12,,"Sheet","Yellow",,,,,,
2100085,"P15-OIL","Oil Filled Cast Nylon Sheet 2000 x 1000  x 15 T","Oil Filled Nylon",1,1,403.49,,,,,,21,403.49,,,"Sheet","Each","Thickness","15 mm",645.58,2000,1000,15,,"Sheet","Yellow",,,"Pre-order",,,
2100091,"P20-OIL","Oil Filled Cast Nylon Sheet 2000 x 1000  x 20 T","Oil Filled Nylon",1,1,659.4,,,,,,21,659.4,,,"Sheet","Each","Thickness","20 mm",1055.04,2000,1000,20,,"Sheet","Yellow",,,,,,
2100097,"P25-OIL","Oil Filled Cast Nylon Sheet 2000 x 1000  x 25 T","Oil Filled Nylon",1,1,672.49,,,,,,21,672.49,,,"Sheet","Each","Thickness","25 mm",1075.98,2000,1000,25,,"Sheet","Yellow",,,,,,
2100103,"P30-OIL","Oil Filled Cast Nylon Sheet 2000 x 1000  x 30 T","Oil Filled Nylon",1,1,806.98,,,,,,21,806.98,,,"Sheet","Each","Thickness","30 mm",1291.17,2000,1000,30,,"Sheet","Yellow",,,,,,
2100109,"P40-OIL","Oil Filled Cast Nylon Sheet 2000 x 1000  x 40 T","Oil Filled Nylon",1,1,1075.98,,,,,,21,1075.98,,,"Sheet","Each","Thickness","40 mm",1721.57,2000,1000,40,,"Sheet","Yellow",,,,,,
2100115,"P50-OIL","Oil Filled Cast Nylon Sheet 2000 x 1000  x 50 T","Oil Filled Nylon",1,1,1344.97,,,,,,21,1344.97,,,"Sheet","Each","Thickness","50 mm",2151.95,2000,1000,50,,"Sheet","Yellow",,,,,,
2100292,"R100-OIL","Oil Filled Cast Nylon Rod 100 dia x 1000  L","Oil Filled Nylon",1,1,105.59,,,,,,21,105.59,,,"Rod","Each","dia","100 mm",190.06,1000,,,100,"Rod","Yellow",,,,,,
2100295,"R110-OIL","Oil Filled Cast Nylon Rod 110 dia x 1000  L","Oil Filled Nylon",1,1,127.77,,,,,,21,127.77,,,"Rod","Each","dia","110 mm",229.99,1000,,,110,"Rod","Yellow",,,"Pre-order",,,
2100297,"R120-OIL","Oil Filled Nylon Rod 120 dia x 1000  L","Oil Filled Nylon",1,1,152,,,,,,21,152,,,"Rod","Each","dia","120 mm",273.6,1000,,,120,"Rod","Yellow",,,"Pre-order",,,
2100305,"R130-OIL","Oil Filled Nylon Rod 130 dia x 1000  L","Oil Filled Nylon",1,1,178.44,,,,,,21,178.44,,,"Rod","Each","dia","130 mm",321.19,1000,,,130,"Rod","Yellow",,,"Pre-order",,,
2100333,"R40-OIL","Oil Filled Cast Nylon Rod 40 dia x 1000  L","Oil Filled Nylon",1,1,16.91,,,,,,21,16.91,,,"Rod","Each","dia","40 mm",32.13,1000,,,40,"Rod","Yellow",,,,,,
2100339,"R50-OIL","Oil Filled Cast Nylon Rod 50 dia x 1000  L","Oil Filled Nylon",1,1,26.47,,,,,,21,26.47,,,"Rod","Each","dia","50 mm",50.29,1000,,,50,"Rod","Yellow",,,,,,
2100345,"R60-OIL","Oil Filled Cast Nylon Rod 60 dia x 1000  L","Oil Filled Nylon",1,1,38.01,,,,,,21,38.01,,,"Rod","Each","dia","60 mm",72.22,1000,,,60,"Rod","Yellow",,,"Pre-order",,,
2100351,"R70-OIL","Oil Filled Cast Nylon Rod 70 dia x 1000  L","Oil Filled Nylon",1,1,51.79,,,,,,21,51.79,,,"Rod","Each","dia","70 mm",98.4,1000,,,70,"Rod","Yellow",,,,,,
2100356,"R80-OIL","Oil Filled Cast Nylon Rod 80 dia x 1000  L","Oil Filled Nylon",1,1,67.58,,,,,,21,67.58,,,"Rod","Each","dia","80 mm",128.4,1000,,,80,"Rod","Yellow",,,,,,
2100362,"R90-OIL","Oil Filled Cast Nylon Rod 90 dia x 1000  L","Oil Filled Nylon",1,1,85.51,,,,,,21,85.51,,,"Rod","Each","dia","90 mm",162.47,1000,,,90,"Rod","Yellow",,,,,,
